Accession,Genotype,Year,Subpopulation,Field,MI20_Final,MI20_AUDPC,MI19_Final,MI19_AUDPC,IN_Final,IN_AUDPC,WIS_Final,,,,,,,,,,,,,,,,,,,,,,
Ames10254,GE54,"MI20, IN20, & WI20",Mixed,WiDiv,0.5,4.2,NA,NA,1,7.161,0.05,,,,,,,,,,,,,,,,,,,,,,
Ames10256,GE129,"MI20, IN20, & WI20",Broad origin-public ,WiDiv,0.85,16.275,NA,NA,0.233,3.052,0,,,,,,,,,,,,,,,,,,,,,,
Ames12726,NC13,"MI20, IN20, & WI20",Mixed,WiDiv,0.25,1.925,NA,NA,0,0.721,0,,,,,,,,,,,,,,,,,,,,,,
Ames12731,NC230,"MI19, MI20, IN20, & WI20",Mixed,WiDiv,1.05,9.275,0.1,2.65,0.01,0.651,0,,,,,,,,,,,,,,,,,,,,,,
Ames12732,NC232,"MI19, MI20, IN20, & WI20",Mixed,WiDiv,2.55,16.8,0.55,4.575,1.333,25.9,0.03,,,,,,,,,,,,,,,,,,,,,,
Ames12734,NC236,WI20,,WiDiv,NA,NA,NA,NA,NA,NA,0,,,,,,,,,,,,,,,,,,,,,,
Ames19000,VaW6,MI20 & IN20,Mixed,WiDiv,6.5,57.75,NA,NA,4.667,100.331,NA,,,,,,,,,,,,,,,,,,,,,,
Ames19002,Va17,"MI20, IN20, & WI20",Mixed,WiDiv,1.5,14.35,NA,NA,0.233,6.629,0,,,,,,,,,,,,,,,,,,,,,,
Ames19011,Va38,MI20 & IN20,Mixed,WiDiv,2.35,33.775,NA,NA,3.667,144.921,NA,,,,,,,,,,,,,,,,,,,,,,
Ames19014,Va52,"MI20, IN20, & WI20",Mixed,WiDiv,4.5,30.8,NA,NA,3.667,81.907,0.05,,,,,,,,,,,,,,,,,,,,,,
Ames19016,Va59,WI20,,WiDiv,NA,NA,NA,NA,NA,NA,0,,,,,,,,,,,,,,,,,,,,,,
Ames19284,C103,"MI20, IN20, & WI20",NSS-Mo17,WiDiv,5.2,43.4,NA,NA,3.667,79.597,0.07,,,,,,,,,,,,,,,,,,,,,,
Ames19288,Oh43,"MI19, MI20, IN20, & WI20",NSS-Oh43,WiDiv,1.2,17.5,1.3,6.85,1.333,23.611,0,,,,,,,,,,,,,,,,,,,,,,
Ames19293,Wf9,"MI20, IN20, & WI20",NSS-Oh43,WiDiv,2.75,29.225,NA,NA,2,37.408,0,,,,,,,,,,,,,,,,,,,,,,
Ames19308,A634,"MI20, IN20, & WI20",SS-B14,WiDiv,16.1,104.125,NA,NA,0.233,11.039,0,,,,,,,,,,,,,,,,,,,,,,
Ames19309,A635,"MI19, IN20 & WI20",SS-B14,WiDiv,NA,NA,0.05,2.575,2,66.493,0,,,,,,,,,,,,,,,,,,,,,,
Ames19311,A641,WI20,,WiDiv,NA,NA,NA,NA,NA,NA,0.0125,,,,,,,,,,,,,,,,,,,,,,
Ames19313,C123,"MI20, IN20, & WI20",Mixed,WiDiv,3.75,34.3,NA,NA,3.667,91,0,,,,,,,,,,,,,,,,,,,,,,
Ames19319,H95,"MI19, MI20, IN20, & WI20",NSS-Oh43,WiDiv,2.75,22.05,0.1,2.275,1.667,27.3,0,,,,,,,,,,,,,,,,,,,,,,
Ames19321,N28,"MI19, MI20, IN20, & WI20",SS-BSSSC0,WiDiv,3.35,32.375,0.55,4.775,2.667,50.4,0.01,,,,,,,,,,,,,,,,,,,,,,
Ames19323,Oh7B,"MI19, IN20 & WI20",Mixed,WiDiv,NA,NA,0.1,2.65,0.667,14.539,0.035,,,,,,,,,,,,,,,,,,,,,,
Ames19326,R168,WI20,,WiDiv,NA,NA,NA,NA,NA,NA,0,,,,,,,,,,,,,,,,,,,,,,
Ames19327,Tx303,MI20 & IN20,Mixed,WiDiv,2.3,20.3,NA,NA,1.333,28.693,NA,,,,,,,,,,,,,,,,,,,,,,
Ames19328,Va22,"MI20, IN20, & WI20",Mixed,WiDiv,12.35,93.45,NA,NA,2.667,63.469,0,,,,,,,,,,,,,,,,,,,,,,
Ames19330,W182B,IN20 & WI20,Broad origin-public ,WiDiv,NA,NA,NA,NA,10,312.669,0.08,,,,,,,,,,,,,,,,,,,,,,
Ames20116,Mo23W,"MI20, IN20, & WI20",Broad origin-public ,WiDiv,1.35,16.1,NA,NA,0.667,8.211,0.1,,,,,,,,,,,,,,,,,,,,,,
Ames20140,Mt42,IN20 & WI20,Broad origin-public ,WiDiv,NA,NA,NA,NA,0.2,22.4,0,,,,,,,,,,,,,,,,,,,,,,
Ames20190,CM37,IN20 & WI20,Broad origin-public ,WiDiv,NA,NA,NA,NA,0.233,22.862,0,,,,,,,,,,,,,,,,,,,,,,
Ames22023,C68,WI20,,WiDiv,NA,NA,NA,NA,NA,NA,0,,,,,,,,,,,,,,,,,,,,,,
Ames22030,Ia 453,WI20,,WiDiv,NA,NA,NA,NA,NA,NA,0,,,,,,,,,,,,,,,,,,,,,,
Ames22439,A73,"MI20, IN20, & WI20",Broad origin-public ,WiDiv,2.5,20.65,NA,NA,2.667,51.401,0.01,,,,,,,,,,,,,,,,,,,,,,
Ames22441,CH157,"MI19 IN20, & WI20",Broad origin-public ,WiDiv,NA,NA,0.1,2.9,1,30.828,0.07,,,,,,,,,,,,,,,,,,,,,,
Ames22443,A188,WI20,,WiDiv,NA,NA,NA,NA,NA,NA,0,,,,,,,,,,,,,,,,,,,,,,
Ames22747,CM48,"MI19, IN20 & WI20",Mixed,WiDiv,NA,NA,0.55,14.225,1,33.838,0,,,,,,,,,,,,,,,,,,,,,,
Ames22751,H114,"MI20, IN20, & WI20",SS-B37,WiDiv,5.5,49.35,NA,NA,0.833,17.563,0,,,,,,,,,,,,,,,,,,,,,,
Ames22754,K55,"MI19, MI20, IN20, & WI20",Mixed,WiDiv,3.5,28.7,0.55,4.125,3.333,38.031,0,,,,,,,,,,,,,,,,,,,,,,
Ames22755,N197,WI20,,WiDiv,NA,NA,NA,NA,NA,NA,0.04,,,,,,,,,,,,,,,,,,,,,,
Ames22756,Os426,WI20,,WiDiv,NA,NA,NA,NA,NA,NA,0.05,,,,,,,,,,,,,,,,,,,,,,
Ames22757,Pa405,"MI20, IN20, & WI20",Broad origin-public ,WiDiv,1.6,19.6,NA,NA,3.667,58.8,0.02,,,,,,,,,,,,,,,,,,,,,,
Ames22767,W59E,WI20,,WiDiv,NA,NA,NA,NA,NA,NA,0.01,,,,,,,,,,,,,,,,,,,,,,
Ames2328,NORTH 7,"MI20, IN20, & WI20",Mixed,WiDiv,12.3,66.675,NA,NA,0.833,37.331,0.02,,,,,,,,,,,,,,,,,,,,,,
Ames2330,EAST 028,WI20,,WiDiv,NA,NA,NA,NA,NA,NA,0.02,,,,,,,,,,,,,,,,,,,,,,
Ames2331,YELLOW 3-4,"MI19, MI20, & WI20",Tropical,WiDiv,1.6,34.65,0.1,2.65,NA,NA,0,,,,,,,,,,,,,,,,,,,,,,
Ames2332,Bei 10 = North 10,"MI20, IN20, & WI20",Broad origin-public ,WiDiv,2.75,19.95,NA,NA,1.667,31.962,0,,,,,,,,,,,,,,,,,,,,,,
Ames2333,Yong 28,"MI19, MI20, IN20, & WI20",Mixed,WiDiv,3.75,26.775,3.75,18.475,1,16.408,0,,,,,,,,,,,,,,,,,,,,,,
Ames2335,YE 4,"MI19, MI20, IN20, & WI20",Tropical,WiDiv,1.3,23.45,0.55,4.125,0.533,13.769,0,,,,,,,,,,,,,,,,,,,,,,
Ames2336,52220,"MI20, IN20, & WI20",Mixed,WiDiv,0.7,10.85,NA,NA,0.367,13.531,0.0166,,,,,,,,,,,,,,,,,,,,,,
Ames2337,Huanyao,"MI20, IN20, & WI20",Tropical,WiDiv,1.55,14.525,NA,NA,1,8.449,0,,,,,,,,,,,,,,,,,,,,,,
Ames23389,A15,"MI19, IN20, & WI20",Broad origin-public ,WiDiv,NA,NA,0.05,2.125,1.667,31.031,0,,,,,,,,,,,,,,,,,,,,,,
Ames2339,Huobai,"MI20, IN20, & WI20",Tropical,WiDiv,4.2,39.375,NA,NA,2.667,43.428,0,,,,,,,,,,,,,,,,,,,,,,
Ames23393,A96,IN20 & WI20,Broad origin-public ,WiDiv,NA,NA,NA,NA,0.4,24.262,0,,,,,,,,,,,,,,,,,,,,,,
Ames23396,A155,IN20 & WI20,Broad origin-public ,WiDiv,NA,NA,NA,NA,1.167,48.076,0,,,,,,,,,,,,,,,,,,,,,,
Ames23402,A208,WI20,,WiDiv,NA,NA,NA,NA,NA,NA,0.06,,,,,,,,,,,,,,,,,,,,,,
Ames23405,A239,"MI20, IN20, & WI20",Broad origin-public ,WiDiv,7.2,56.7,NA,NA,0.367,16.639,0,,,,,,,,,,,,,,,,,,,,,,
Ames23417,A305,IN20 & WI20,Broad origin-public ,WiDiv,NA,NA,NA,NA,1.333,79.338,0.03,,,,,,,,,,,,,,,,,,,,,,
Ames23421,A321,IN20 & WI20,Broad origin-public ,WiDiv,NA,NA,NA,NA,1.333,28.693,0.01,,,,,,,,,,,,,,,,,,,,,,
Ames23422,A322,"MI20, IN20, & WI20",Broad origin-public ,WiDiv,1.1,22.05,NA,NA,1,21.07,0.01,,,,,,,,,,,,,,,,,,,,,,
Ames23423,A334,IN20 & WI20,Broad origin-public ,WiDiv,NA,NA,NA,NA,2,70.007,0,,,,,,,,,,,,,,,,,,,,,,
Ames23424,A340,IN20 & WI20,Broad origin-public ,WiDiv,NA,NA,NA,NA,1.5,59.5,0.01,,,,,,,,,,,,,,,,,,,,,,
Ames23425,A344,IN20 & WI20,Broad origin-public ,WiDiv,NA,NA,NA,NA,1.333,52.031,0.02,,,,,,,,,,,,,,,,,,,,,,
Ames23427,A374,"MI20, IN20, & WI20",Broad origin-public ,WiDiv,0.8,NA,NA,NA,0.233,13.363,0.01,,,,,,,,,,,,,,,,,,,,,,
Ames23430,A401,"MI19, MI20, IN20, & WI20",Broad origin-public ,WiDiv,1.65,20.125,1.75,8.15,1,19.362,0.08,,,,,,,,,,,,,,,,,,,,,,
Ames23435,A427,"MI19, IN20 & WI20",Mixed,WiDiv,NA,NA,0.1,2.475,4,113.169,0.07,,,,,,,,,,,,,,,,,,,,,,
Ames23446,A508,IN20 & WI20,Broad origin-public ,WiDiv,NA,NA,NA,NA,0.1,25.242,0,,,,,,,,,,,,,,,,,,,,,,
Ames23449,A548,IN20 & WI20,Broad origin-public ,WiDiv,NA,NA,NA,NA,1.333,37.569,0.02,,,,,,,,,,,,,,,,,,,,,,
Ames23450,A556,"MI20, IN20, & WI20",Broad origin-public ,WiDiv,2.55,27.825,NA,NA,1.667,50.428,0,,,,,,,,,,,,,,,,,,,,,,
Ames23451,A572,IN20 & WI20,Broad origin-public ,WiDiv,NA,NA,NA,NA,3,56,0,,,,,,,,,,,,,,,,,,,,,,
Ames23463,A627,"MI20, IN20, & WI20",Broad origin-public ,WiDiv,5.2,38.325,NA,NA,0.5,20.538,0.02,,,,,,,,,,,,,,,,,,,,,,
Ames23482,A649,"MI19, IN20 & WI20",Broad origin-public ,WiDiv,NA,NA,0.1,3,0.1,10.318,0,,,,,,,,,,,,,,,,,,,,,,
Ames23484,A651,"MI19, IN20, & WI20",Broad origin-public ,WiDiv,NA,NA,0.5,13.05,0.667,25.669,0,,,,,,,,,,,,,,,,,,,,,,
Ames23496,A672,"MI20, IN20, & WI20",SS-B14,WiDiv,4.7,38.325,NA,NA,1.333,55.062,0,,,,,,,,,,,,,,,,,,,,,,
Ames23497,A673,"MI19, IN20 & WI20",Broad origin-public ,WiDiv,NA,NA,1.3,5.95,0.5,47.838,0,,,,,,,,,,,,,,,,,,,,,,
Ames23498,A674,"MI19, MI20, IN20, & WI20",Mixed,WiDiv,1.75,15.05,0.1,2.375,0.367,10.521,0,,,,,,,,,,,,,,,,,,,,,,
Ames23503,A680,"MI19, MI20, IN20, & WI20",SS-B73,WiDiv,2.8,17.15,0.1,3,0.667,14.707,0,,,,,,,,,,,,,,,,,,,,,,
Ames23507,C42,WI20,,WiDiv,NA,NA,NA,NA,NA,NA,0,,,,,,,,,,,,,,,,,,,,,,
Ames24585,CG10,"MI19, IN20 & WI20",Broad origin-public ,WiDiv,NA,NA,0.1,2.65,3,86.331,0.065,,,,,,,,,,,,,,,,,,,,,,
Ames24706,MS12,WI20,,WiDiv,NA,NA,NA,NA,NA,NA,0,,,,,,,,,,,,,,,,,,,,,,
Ames24708,MS24A,IN20 & WI20,Broad origin-public ,WiDiv,NA,NA,NA,NA,2.333,32.9,0,,,,,,,,,,,,,,,,,,,,,,
Ames24710,MS67,"MI19, IN20, & WI20",Broad origin-public ,WiDiv,NA,NA,0.1,1.75,1,31.038,0,,,,,,,,,,,,,,,,,,,,,,
Ames24712,MS71,"MI20, IN20, & WI20",Broad origin-public ,WiDiv,4.3,40.6,NA,NA,5,102.669,0.09,,,,,,,,,,,,,,,,,,,,,,
Ames24713,MS72,"MI19, MI20, IN20, & WI20",Broad origin-public ,WiDiv,5.95,55.825,3.75,15.875,1,49.7,0,,,,,,,,,,,,,,,,,,,,,,
Ames24727,MS106,"MI20, IN20, & WI20",Broad origin-public ,WiDiv,4,24.5,NA,NA,0.1,2.17,0,,,,,,,,,,,,,,,,,,,,,,
Ames24729,MS116,IN20 & WI20,Broad origin-public ,WiDiv,NA,NA,NA,NA,0.533,29.393,0,,,,,,,,,,,,,,,,,,,,,,
Ames24730,MS132,"MI20, IN20, & WI20",Mixed,WiDiv,8.85,91,NA,NA,3,64.631,0.016666667,,,,,,,,,,,,,,,,,,,,,,
Ames24733,MS142,"MI19, IN20 & WI20",Broad origin-public ,WiDiv,NA,NA,1.3,14.625,1.167,64.407,0,,,,,,,,,,,,,,,,,,,,,,
Ames24734,MS153,IN20 & WI20,Broad origin-public ,WiDiv,NA,NA,NA,NA,2.667,41.3,0.05,,,,,,,,,,,,,,,,,,,,,,
Ames24737,MS200,"MI20, IN20, & WI20",Broad origin-public ,WiDiv,7,107.1,NA,NA,2.667,89.838,0.03,,,,,,,,,,,,,,,,,,,,,,
Ames24742,MS211,WI20,,WiDiv,NA,NA,NA,NA,NA,NA,0,,,,,,,,,,,,,,,,,,,,,,
Ames24746,MS221,"MI20, IN20, & WI20",SS-B37,WiDiv,3.1,28.175,NA,NA,2.333,32.9,0,,,,,,,,,,,,,,,,,,,,,,
Ames24747,MS222,"MI20, IN20, & WI20",SS-B37,WiDiv,5.7,35.175,NA,NA,1.667,33.831,0.01,,,,,,,,,,,,,,,,,,,,,,
Ames24748,MS223,"MI19, MI20, IN20, & WI20",Broad origin-public ,WiDiv,8.95,77.525,3.75,18.575,3.667,96.838,0.05,,,,,,,,,,,,,,,,,,,,,,
Ames24749,MS224,"MI20, IN20, & WI20",Broad origin-public ,WiDiv,1.05,14.175,NA,NA,1.667,63.231,0.05,,,,,,,,,,,,,,,,,,,,,,
Ames24750,MS225,"MI19, MI20, IN20, & WI20",Mixed,WiDiv,2.75,20.125,1.3,6.75,0.667,23.59,0,,,,,,,,,,,,,,,,,,,,,,
Ames24751,MS226,"MI20, IN20, & WI20",Mixed,WiDiv,2.3,26.25,NA,NA,0.667,39.2,0.02,,,,,,,,,,,,,,,,,,,,,,
Ames24752,MS1334,IN20 & WI20,Broad origin-public ,WiDiv,NA,NA,NA,NA,1.667,107.807,0.05,,,,,,,,,,,,,,,,,,,,,,
Ames24989,Va99,"MI19, MI20, IN20, & WI20",Mixed,WiDiv,7.95,77.525,1.75,8.325,1,30.618,0.043333333,,,,,,,,,,,,,,,,,,,,,,
Ames26022,Tr,"MI19, IN20 & WI20",SS-BSSSC0,WiDiv,NA,NA,1,5.8,0.667,26.831,0,,,,,,,,,,,,,,,,,,,,,,
Ames26028,CI 540,"MI20, IN20, & WI20",SS-BSSSC0,WiDiv,3,26.6,NA,NA,0.833,19.901,0.025,,,,,,,,,,,,,,,,,,,,,,
Ames26116,CI 3A,"MI20, IN20, & WI20",Broad origin-public ,WiDiv,7.8,74.2,NA,NA,0.07,4.242,0,,,,,,,,,,,,,,,,,,,,,,
Ames26128,CI 40H,"MI20, IN20, & WI20",Broad origin-public ,WiDiv,10.1,NA,NA,NA,0.367,77.721,0.03,,,,,,,,,,,,,,,,,,,,,,
Ames26138,CI 187-2,"MI20, IN20, & WI20",Broad origin-public ,WiDiv,6.4,50.4,NA,NA,4.333,95.662,0.04,,,,,,,,,,,,,,,,,,,,,,
Ames26604,38-11,MI20 & IN20,Broad origin-public ,WiDiv,0.95,15.225,NA,NA,1.333,22.624,NA,,,,,,,,,,,,,,,,,,,,,,
Ames26745,WXB6,"MI19, MI20, IN20, & WI20",Mixed,WiDiv,4.15,34.825,3,12.8,2.333,27.524,0,,,,,,,,,,,,,,,,,,,,,,
Ames26769,B2,WI20,,WiDiv,NA,NA,NA,NA,NA,NA,0.03,,,,,,,,,,,,,,,,,,,,,,
Ames26771,33-16,"MI19, MI20, IN20, & WI20",Broad origin-public ,WiDiv,1.4,13.65,1.3,7.1,0.667,14.077,0,,,,,,,,,,,,,,,,,,,,,,
Ames26772,H5,"MI20, IN20, & WI20",Broad origin-public ,WiDiv,0.55,6.3,NA,NA,0.833,9.142,0,,,,,,,,,,,,,,,,,,,,,,
Ames26774,H14,"MI19, MI20, IN20, & WI20",Mixed,WiDiv,1.95,19.6,1.75,12.025,0.833,20.111,0.02,,,,,,,,,,,,,,,,,,,,,,
Ames26787,H49,"MI20, IN20, & WI20",NSS-Oh43,WiDiv,7.2,46.55,NA,NA,0.7,5.95,0,,,,,,,,,,,,,,,,,,,,,,
Ames26790,H52,MI20 & IN20,Broad origin-public ,WiDiv,0.4,6.65,NA,NA,0.233,11.018,NA,,,,,,,,,,,,,,,,,,,,,,
Ames26793,H71,WI20,,WiDiv,NA,NA,NA,NA,NA,NA,0.03,,,,,,,,,,,,,,,,,,,,,,
Ames26797,H96,WI20,,WiDiv,NA,NA,NA,NA,NA,NA,0,,,,,,,,,,,,,,,,,,,,,,
Ames26803,H113,"MI20, IN20, & WI20",Mixed,WiDiv,4.25,25.375,NA,NA,1.667,27.062,0.04,,,,,,,,,,,,,,,,,,,,,,
Ames26804,H121,"MI19, MI20, IN20, & WI20",Mixed,WiDiv,1.75,12.6,3.75,15.6,0.233,2.17,0,,,,,,,,,,,,,,,,,,,,,,
Ames26805,H122w,"MI20, IN20, & WI20",SS-B73,WiDiv,0.2,6.3,NA,NA,0.367,5.439,0,,,,,,,,,,,,,,,,,,,,,,
Ames26806,H124w,"MI20, IN20, & WI20",Mixed,WiDiv,1.2,14.525,NA,NA,1,35.49,0,,,,,,,,,,,,,,,,,,,,,,
Ames26808,Ill.Hy,"MI19, IN20 & WI20",SS-BSSSC0,WiDiv,NA,NA,0.1,2.375,2,52.969,0,,,,,,,,,,,,,,,,,,,,,,
Ames27018,CH711-10,WI20,,WiDiv,NA,NA,NA,NA,NA,NA,0,,,,,,,,,,,,,,,,,,,,,,
Ames27021,CH753-4,"MI20, IN20, & WI20",SS-B14,WiDiv,3.7,24.85,NA,NA,1.333,23.611,0,,,,,,,,,,,,,,,,,,,,,,
Ames27024,CL17,WI20,,WiDiv,NA,NA,NA,NA,NA,NA,0,,,,,,,,,,,,,,,,,,,,,,
Ames27025,CL18,WI20,,WiDiv,NA,NA,NA,NA,NA,NA,0,,,,,,,,,,,,,,,,,,,,,,
Ames27029,CL27,WI20,,WiDiv,NA,NA,NA,NA,NA,NA,0.01,,,,,,,,,,,,,,,,,,,,,,
Ames27031,CM99,IN20 & WI20,SS-B14,WiDiv,NA,NA,NA,NA,1,33.859,0.025,,,,,,,,,,,,,,,,,,,,,,
Ames27038,CMV3,WI20,,WiDiv,NA,NA,NA,NA,NA,NA,0.03,,,,,,,,,,,,,,,,,,,,,,
Ames27039,CO117,IN20 & WI20,Broad origin-public ,WiDiv,NA,NA,NA,NA,5,56.462,0.03,,,,,,,,,,,,,,,,,,,,,,
Ames27042,CO158,"MI19, IN20 & WI20",Broad origin-public ,WiDiv,NA,NA,1,23.125,3,100.331,0.06,,,,,,,,,,,,,,,,,,,,,,
Ames27043,CO192,MI19 & IN20,Broad origin-public ,WiDiv,NA,NA,0.05,0.975,0.367,16.576,NA,,,,,,,,,,,,,,,,,,,,,,
Ames27044,CO216,WI20,,WiDiv,NA,NA,NA,NA,NA,NA,0,,,,,,,,,,,,,,,,,,,,,,
Ames27046,CO236,WI20,,WiDiv,NA,NA,NA,NA,NA,NA,0,,,,,,,,,,,,,,,,,,,,,,
Ames27047,CO237,WI20,,WiDiv,NA,NA,NA,NA,NA,NA,0,,,,,,,,,,,,,,,,,,,,,,
Ames27048,CO245,WI20,,WiDiv,NA,NA,NA,NA,NA,NA,0,,,,,,,,,,,,,,,,,,,,,,
Ames27051,CO256,"MI20, IN20, & WI20",SS-BSSSC0,WiDiv,1.55,12.425,NA,NA,1,38.731,0.03,,,,,,,,,,,,,,,,,,,,,,
Ames27052,CO257,"MI19, MI20, IN20, & WI20",SS-BSSSC0,WiDiv,2.95,22.225,3,12.875,1.333,70,0.04,,,,,,,,,,,,,,,,,,,,,,
Ames27053,CO258,"MI20, IN20, & WI20",SS-BSSSC0,WiDiv,1.6,15.925,NA,NA,2,42.7,0.025,,,,,,,,,,,,,,,,,,,,,,
Ames27057,CSJ3,MI19 & WI20,Broad origin-public ,WiDiv,NA,NA,0.1,2.65,NA,NA,0.02,,,,,,,,,,,,,,,,,,,,,,
Ames27064,A441.5,WI20,,WiDiv,NA,NA,NA,NA,NA,NA,0,,,,,,,,,,,,,,,,,,,,,,
Ames27065,B73Htrhm,"MI20, IN20, & WI20",SS-B73,WiDiv,2.5,25.725,NA,NA,0.833,22.631,0,,,,,,,,,,,,,,,,,,,,,,
Ames27066,B164,"MI20, IN20, & WI20",Broad origin-public ,WiDiv,8.2,47.6,NA,NA,0.1,12.642,0.01,,,,,,,,,,,,,,,,,,,,,,
Ames27067,C49A,IN20 & WI20,Broad origin-public ,WiDiv,NA,NA,NA,NA,1,37.338,0.3,,,,,,,,,,,,,,,,,,,,,,
Ames27068,CH9,WI20,,WiDiv,NA,NA,NA,NA,NA,NA,0.01,,,,,,,,,,,,,,,,,,,,,,
Ames27069,CH701-30,"MI20, IN20, & WI20",Broad origin-public ,WiDiv,3.9,47.6,NA,NA,1.333,28.273,0,,,,,,,,,,,,,,,,,,,,,,
Ames27070,CM7,IN20 & WI20,SS-B14,WiDiv,NA,NA,NA,NA,1,22.631,0.01,,,,,,,,,,,,,,,,,,,,,,
Ames27079,CML 91,MI20 & IN20,Tropical,WiDiv,1.05,11.9,NA,NA,0.667,6.139,NA,,,,,,,,,,,,,,,,,,,,,,
Ames27083,CML 154Q,MI20 & IN20,Tropical,WiDiv,0.2,3.85,NA,NA,0.1,0.798,NA,,,,,,,,,,,,,,,,,,,,,,
Ames27086,CML 218,MI20 & IN20,Tropical,WiDiv,0.05,1.575,NA,NA,0,0.518,NA,,,,,,,,,,,,,,,,,,,,,,
Ames27087,CML 220,MI20 & IN20,Tropical,WiDiv,0.2,4.55,NA,NA,0,0,NA,,,,,,,,,,,,,,,,,,,,,,
Ames27088,CML 228,MI19 & IN20,Tropical,WiDiv,NA,NA,0.1,3,0.1,6.118,NA,,,,,,,,,,,,,,,,,,,,,,
Ames27096,CML 322,MI20 & IN20,Tropical,WiDiv,0.6,11.725,NA,NA,1,32.907,NA,,,,,,,,,,,,,,,,,,,,,,
Ames27097,CML 323,"MI19, MI20 & IN20",Tropical,WiDiv,1.1,12.775,1.75,11.75,1.333,42.063,NA,,,,,,,,,,,,,,,,,,,,,,
Ames27105,CO106,WI20,,WiDiv,NA,NA,NA,NA,NA,NA,0,,,,,,,,,,,,,,,,,,,,,,
Ames27106,CO125,IN20 & WI20,Broad origin-public ,WiDiv,NA,NA,NA,NA,3.667,128.338,0.05,,,,,,,,,,,,,,,,,,,,,,
Ames27107,CO255,WI20,,WiDiv,NA,NA,NA,NA,NA,NA,0,,,,,,,,,,,,,,,,,,,,,,
Ames27110,E2558W,WI20,,WiDiv,NA,NA,NA,NA,NA,NA,0,,,,,,,,,,,,,,,,,,,,,,
Ames27111,EP1,WI20,,WiDiv,NA,NA,NA,NA,NA,NA,0.01,,,,,,,,,,,,,,,,,,,,,,
Ames27112,F2834T,"MI19, MI20, IN20, & WI20",Tropical,WiDiv,0.35,4.725,0.1,2.1,1,21.462,0,,,,,,,,,,,,,,,,,,,,,,
Ames27114,H91,"MI19, MI20, IN20, & WI20",SS-B14,WiDiv,1.35,17.15,0.1,2.275,0.833,24.563,0,,,,,,,,,,,,,,,,,,,,,,
Ames27117,Ia5125B,WI20,,WiDiv,NA,NA,NA,NA,NA,NA,0.05,,,,,,,,,,,,,,,,,,,,,,
Ames27118,Il14H,WI20,,WiDiv,NA,NA,NA,NA,NA,NA,0.07,,,,,,,,,,,,,,,,,,,,,,
Ames27119,Il 101T,WI20,,WiDiv,NA,NA,NA,NA,NA,NA,0.05,,,,,,,,,,,,,,,,,,,,,,
Ames27121,K64,"MI20, IN20, & WI20",Mixed,WiDiv,5.2,30.8,NA,NA,0.233,16.331,0.03,,,,,,,,,,,,,,,,,,,,,,
Ames27122,K148,"MI20, IN20, & WI20",Broad origin-public ,WiDiv,7,65.975,NA,NA,1,49.7,0.025,,,,,,,,,,,,,,,,,,,,,,
Ames27124,Ki11,WI20,,WiDiv,NA,NA,NA,NA,NA,NA,0,,,,,,,,,,,,,,,,,,,,,,
Ames27130,Ky21,"MI19, MI20, IN20, & WI20",Broad origin-public ,WiDiv,3.65,45.15,1.3,6.75,1,31.038,0.03,,,,,,,,,,,,,,,,,,,,,,
Ames27131,Ky226,"MI19, MI20 & IN20",Mixed,WiDiv,3.1,22.05,2.5,10.675,0.833,11.431,NA,,,,,,,,,,,,,,,,,,,,,,
Ames27133,M37W,"MI19, MI20, IN20, & WI20",Mixed,WiDiv,0.45,6.475,0.55,4.775,2.333,44.611,0,,,,,,,,,,,,,,,,,,,,,,
Ames27134,M162W,MI19 & WI20,Mixed,WiDiv,NA,NA,0.1,2.475,NA,NA,0,,,,,,,,,,,,,,,,,,,,,,
Ames27135,MEF156-55-2,IN20 & WI20,Mixed,WiDiv,NA,NA,NA,NA,0.667,9.877,0,,,,,,,,,,,,,,,,,,,,,,
Ames27136,MoG,"MI20, IN20, & WI20",Mixed,WiDiv,1.1,18.375,NA,NA,1.667,25.739,0.02,,,,,,,,,,,,,,,,,,,,,,
Ames27137,N6,"MI19, MI20, IN20, & WI20",Broad origin-public ,WiDiv,1.1,11.55,0.55,4.475,1.667,35.707,0.05,,,,,,,,,,,,,,,,,,,,,,
Ames27138,N28Ht,"MI19, MI20, IN20, & WI20",SS-BSSSC0,WiDiv,3,36.225,0.55,4.675,1.333,17.493,0.02,,,,,,,,,,,,,,,,,,,,,,
Ames27140,NC260,MI20 & IN20,Broad origin-public ,WiDiv,1.5,17.325,NA,NA,1.333,23.401,NA,,,,,,,,,,,,,,,,,,,,,,
Ames27143,NC294,"MI20, IN20, & WI20",SS-B73,WiDiv,0.3,3.5,NA,NA,0.833,11.018,0.01,,,,,,,,,,,,,,,,,,,,,,
Ames27147,NC302,"MI20, IN20, & WI20",Tropical,WiDiv,0.2,3.85,NA,NA,0.1,0.84,0,,,,,,,,,,,,,,,,,,,,,,
Ames27149,NC306,"MI20, IN20, & WI20",SS-B73,WiDiv,0.85,17.325,NA,NA,1.667,47.831,0.03,,,,,,,,,,,,,,,,,,,,,,
Ames27151,NC310,"MI20, IN20, & WI20",SS-B73,WiDiv,1.5,13.475,NA,NA,0.37,5.712,0,,,,,,,,,,,,,,,,,,,,,,
Ames27155,NC318,"MI20, IN20, & WI20",Mixed,WiDiv,1.35,13.475,NA,NA,0.833,13.342,0,,,,,,,,,,,,,,,,,,,,,,
Ames27158,NC324,MI20 & IN20,SS-B37,WiDiv,2.55,20.825,NA,NA,3.333,48.3,NA,,,,,,,,,,,,,,,,,,,,,,
Ames27159,NC326,"MI20, IN20, & WI20",SS-B73,WiDiv,2,17.85,NA,NA,0.367,15.862,0,,,,,,,,,,,,,,,,,,,,,,
Ames27160,NC328,"MI20, IN20, & WI20",SS-B73,WiDiv,1.05,13.3,NA,NA,0.203,4.753,0,,,,,,,,,,,,,,,,,,,,,,
Ames27165,NC338,MI20 & IN20,Tropical,WiDiv,0.35,6.825,NA,NA,0.1,0.84,NA,,,,,,,,,,,,,,,,,,,,,,
Ames27166,NC340,MI20 & IN20,Tropical,WiDiv,0.2,4.2,NA,NA,0.04,1.267,NA,,,,,,,,,,,,,,,,,,,,,,
Ames27167,NC342,"MI20, IN20, & WI20",Mixed,WiDiv,0.55,7.525,NA,NA,0.233,1.771,0,,,,,,,,,,,,,,,,,,,,,,
Ames27168,NC344,WI20,,WiDiv,NA,NA,NA,NA,NA,NA,0.01,,,,,,,,,,,,,,,,,,,,,,
Ames27170,NC348,MI20 & IN20,Tropical,WiDiv,3.3,32.375,NA,NA,0.667,23.38,NA,,,,,,,,,,,,,,,,,,,,,,
Ames27171,NC350,IN20,Tropical,WiDiv,NA,NA,NA,NA,0.07,1.89,NA,,,,,,,,,,,,,,,,,,,,,,
Ames27174,NC356,MI20 & IN20,Tropical,WiDiv,0.35,5.775,NA,NA,0.5,8.659,NA,,,,,,,,,,,,,,,,,,,,,,
Ames27175,NC358,"MI20, IN20, & WI20",Tropical,WiDiv,0.45,6.475,NA,NA,0.1,2.121,0,,,,,,,,,,,,,,,,,,,,,,
Ames27180,NC368,"MI20, IN20, & WI20",SS-B73,WiDiv,1.95,16.275,NA,NA,0.233,4.963,0,,,,,,,,,,,,,,,,,,,,,,
Ames27183,Oh43E,"MI20, IN20, & WI20",NSS-Oh43,WiDiv,2.55,23.45,NA,NA,3,39.669,0.05,,,,,,,,,,,,,,,,,,,,,,
Ames27184,Pa762,"MI19, MI20, IN20, & WI20",NSS-Oh43,WiDiv,2.95,20.825,3.75,21.625,1.167,27.531,0.02,,,,,,,,,,,,,,,,,,,,,,
Ames27187,R4,"MI19, MI20, IN20, & WI20",Broad origin-public ,WiDiv,4.25,40.95,4,42.25,6.333,73.962,0.03,,,,,,,,,,,,,,,,,,,,,,
Ames27190,T234,"MI19, MI20, IN20, & WI20",Broad origin-public ,WiDiv,0.3,5.6,0.55,3.85,0.5,4.508,0.025,,,,,,,,,,,,,,,,,,,,,,
Ames27191,U267Y,"MI19, MI20 & IN20",Mixed,WiDiv,0.85,9.975,1,4.9,1,18.942,NA,,,,,,,,,,,,,,,,,,,,,,
Ames27192,Va14,"MI20, IN20, & WI20",Mixed,WiDiv,0.1,4.725,NA,NA,0,0,0,,,,,,,,,,,,,,,,,,,,,,
Ames27193,Va85,"MI20, IN20, & WI20",Mixed,WiDiv,1.9,18.55,NA,NA,1.667,60.669,0.03,,,,,,,,,,,,,,,,,,,,,,
Ames27195,WD,WI20,,WiDiv,NA,NA,NA,NA,NA,NA,0,,,,,,,,,,,,,,,,,,,,,,
Ames27196,Yu796 NS,"MI20, IN20, & WI20",Mixed,WiDiv,8.7,51.975,NA,NA,1,49.7,0.02,,,,,,,,,,,,,,,,,,,,,,
Ames27261,NC298,MI20 & IN20,Tropical,WiDiv,2.75,28.35,NA,NA,0.233,15.701,NA,,,,,,,,,,,,,,,,,,,,,,
Ames27446,Il778d,WI20,,WiDiv,NA,NA,NA,NA,NA,NA,0.01,,,,,,,,,,,,,,,,,,,,,,
Ames28365,CI 91B Goodman-Buckler,"MI20, IN20, & WI20",Mixed,WiDiv,3.5,18.9,NA,NA,4.333,101.5,0,,,,,,,,,,,,,,,,,,,,,,
Ames28928,Mo28W,"MI20, IN20, & WI20",Mixed,WiDiv,0.9,7,NA,NA,0.1,12.852,0,,,,,,,,,,,,,,,,,,,,,,
Ames28930,Mo30W,MI20 & IN20,Mixed,WiDiv,0.35,8.925,NA,NA,0.1,20.559,NA,,,,,,,,,,,,,,,,,,,,,,
Ames28937,Mo39,"MI20, IN20, & WI20",Mixed,WiDiv,0.85,11.2,NA,NA,0.533,7.014,0.01,,,,,,,,,,,,,,,,,,,,,,
Ames28939,Mo44,IN20 & WI20,Broad origin-public ,WiDiv,NA,NA,NA,NA,1,45.493,0.05,,,,,,,,,,,,,,,,,,,,,,
Ames29393,CML 395,IN20,Tropical,WiDiv,NA,NA,NA,NA,0.007,0.112,NA,,,,,,,,,,,,,,,,,,,,,,
Ames30553,W601S,"MI20, IN20, & WI20",NSS-Mo17,WiDiv,0.45,9.975,NA,NA,0.233,3.101,0.03,,,,,,,,,,,,,,,,,,,,,,
Ames30554,W602S,"MI20, IN20, & WI20",Mixed,WiDiv,9.5,57.75,NA,NA,3,81.69,0.0775,,,,,,,,,,,,,,,,,,,,,,
Ames30555,W603S,"MI19, MI20, IN20, & WI20",Mixed,WiDiv,4,24.5,2.55,11.125,3.333,78.4,0,,,,,,,,,,,,,,,,,,,,,,
Ames30556,W604S,"MI19, IN20 & WI20",NSS-Mo17,WiDiv,NA,NA,0.55,17.5,1.333,33.159,0.02,,,,,,,,,,,,,,,,,,,,,,
Ames30557,W605S,"MI19, IN20 & WI20",NSS-Mo17,WiDiv,NA,NA,0.1,2.725,2,28.07,0,,,,,,,,,,,,,,,,,,,,,,
Ames30559,W802G,IN20 & WI20,Mixed,WiDiv,NA,NA,NA,NA,0.233,78.911,0,,,,,,,,,,,,,,,,,,,,,,
Ames30560,W803G,WI20,,WiDiv,NA,NA,NA,NA,NA,NA,0.01,,,,,,,,,,,,,,,,,,,,,,
Ames30566,W809G,"MI19, MI20, IN20, & WI20",SS-B73,WiDiv,1.05,11.025,0.55,13.3,0.1,2.17,0.02,,,,,,,,,,,,,,,,,,,,,,
Ames30567,W810G,"MI19, MI20, IN20, & WI20",Mixed,WiDiv,1.3,15.4,4.75,22.05,2.667,35.238,0.046666667,,,,,,,,,,,,,,,,,,,,,,
Ames30568,W811G,"MI19, IN20 & WI20",SS-B73,WiDiv,NA,NA,0.1,2.725,1.667,25.739,0.03,,,,,,,,,,,,,,,,,,,,,,
Ames30569,W812G,MI19 & IN20,SS-B73,WiDiv,NA,NA,0.1,2.9,0.007,0.511,NA,,,,,,,,,,,,,,,,,,,,,,
Ames30570,W813G,"MI20, IN20, & WI20",SS-B14,WiDiv,1.1,11.9,NA,NA,2,70.28,0,,,,,,,,,,,,,,,,,,,,,,
Ames30571,W814G,"MI19, MI20, IN20, & WI20",Mixed,WiDiv,0.95,11.025,0.1,1.95,1.5,20.349,0.01,,,,,,,,,,,,,,,,,,,,,,
Ames30572,W815G,"MI19, MI20 & IN20",Mixed,WiDiv,7.55,47.25,1,6.25,0.667,25.9,NA,,,,,,,,,,,,,,,,,,,,,,
Ames30573,W816G,"MI20, IN20, & WI20",Mixed,WiDiv,7.75,63.7,NA,NA,2.667,47.838,0.025,,,,,,,,,,,,,,,,,,,,,,
Ames30574,W817G,"MI19, MI20, IN20, & WI20",NSS-Oh43,WiDiv,7.2,59.675,3.75,15.775,1.333,28.693,0.075,,,,,,,,,,,,,,,,,,,,,,
Ames30575,W818G,"MI19, MI20, IN20, & WI20",Mixed,WiDiv,3.5,28,1.75,13.95,1.333,50.169,0.05,,,,,,,,,,,,,,,,,,,,,,
Ames30576,W819G,"MI19, MI20, IN20, & WI20",SS-B73,WiDiv,2.3,18.2,0.1,3,1,28.231,0,,,,,,,,,,,,,,,,,,,,,,
Ames30578,W821G,"MI20, IN20, & WI20",NSS-Oh43,WiDiv,3.5,25.55,NA,NA,1,21.07,0.02,,,,,,,,,,,,,,,,,,,,,,
Ames30936,WD456,WI20,,WiDiv,NA,NA,NA,NA,NA,NA,0.08,,,,,,,,,,,,,,,,,,,,,,
Ames30938,Fe,"MI20, IN20, & WI20",Mixed,WiDiv,2.3,22.75,NA,NA,1,8.05,0.01,,,,,,,,,,,,,,,,,,,,,,
Ames30939,A3G-3-3-1-313,MI20 & IN20,Tropical,WiDiv,4.95,33.95,NA,NA,1.667,67.676,NA,,,,,,,,,,,,,,,,,,,,,,
Ames7870,F44,MI20 & IN20,Mixed,WiDiv,0.55,6.125,NA,NA,0.003,0.021,NA,,,,,,,,,,,,,,,,,,,,,,
Ames8399,W117HT,IN20 & WI20,Broad origin-public ,WiDiv,NA,NA,NA,NA,4.667,133.007,0.07,,,,,,,,,,,,,,,,,,,,,,
CIze21,CI 21E,"MI19, MI20, IN20, & WI20",Mixed,WiDiv,0.8,10.15,0.1,2.725,1,12.67,0.1,,,,,,,,,,,,,,,,,,,,,,
CIze28,CI 28A,"MI19, MI20, IN20, & WI20",Broad origin-public ,WiDiv,14,86.975,8,52.075,7.333,117.824,0.5,,,,,,,,,,,,,,,,,,,,,,
CIze64,CI 64,WI20,,WiDiv,NA,NA,NA,NA,NA,NA,0.05,,,,,,,,,,,,,,,,,,,,,,
NA,78004,WI20,,WiDiv,NA,NA,NA,NA,NA,NA,0.05,,,,,,,,,,,,,,,,,,,,,,
NA,78010,WI20,,WiDiv,NA,NA,NA,NA,NA,NA,0.025,,,,,,,,,,,,,,,,,,,,,,
NA,04033V,WI20,,WiDiv,NA,NA,NA,NA,NA,NA,0.02,,,,,,,,,,,,,,,,,,,,,,
NA,B112,WI20,,WiDiv,NA,NA,NA,NA,NA,NA,0,,,,,,,,,,,,,,,,,,,,,,
NA,CG106,WI20,,WiDiv,NA,NA,NA,NA,NA,NA,0.05,,,,,,,,,,,,,,,,,,,,,,
NA,CG108,WI20,,WiDiv,NA,NA,NA,NA,NA,NA,0,,,,,,,,,,,,,,,,,,,,,,
NA,CG65,WI20,,WiDiv,NA,NA,NA,NA,NA,NA,0.066666667,,,,,,,,,,,,,,,,,,,,,,
NA,CML 496,WI20,,WiDiv,NA,NA,NA,NA,NA,NA,0.01,,,,,,,,,,,,,,,,,,,,,,
NA,F431,WI20,,WiDiv,NA,NA,NA,NA,NA,NA,0,,,,,,,,,,,,,,,,,,,,,,
NA,I224,WI20,,WiDiv,NA,NA,NA,NA,NA,NA,0,,,,,,,,,,,,,,,,,,,,,,
NA,ICI581,WI20,,WiDiv,NA,NA,NA,NA,NA,NA,0.02,,,,,,,,,,,,,,,,,,,,,,
NA,Ill. 12E,WI20,,WiDiv,NA,NA,NA,NA,NA,NA,0,,,,,,,,,,,,,,,,,,,,,,
NA,NC412,WI20,,WiDiv,NA,NA,NA,NA,NA,NA,0.016666667,,,,,,,,,,,,,,,,,,,,,,
NA,NC472,WI20,,WiDiv,NA,NA,NA,NA,NA,NA,0,,,,,,,,,,,,,,,,,,,,,,
NA,Tr 9-1-1-6,WI20,,WiDiv,NA,NA,NA,NA,NA,NA,0,,,,,,,,,,,,,,,,,,,,,,
NSL174429,INB 101LFY/LFY (A632 X M16 S5),"MI20, IN20, & WI20",SS-B14,WiDiv,2.45,16.625,NA,NA,1,21.28,0.01,,,,,,,,,,,,,,,,,,,,,,
NSL22628,K47,WI20,,WiDiv,NA,NA,NA,NA,NA,NA,0,,,,,,,,,,,,,,,,,,,,,,
NSL22630,K150,"MI19, MI20, IN20, & WI20",Broad origin-public ,WiDiv,1.35,19.075,1,19.175,2,48.293,0.063333333,,,,,,,,,,,,,,,,,,,,,,
NSL22632,K201,MI20 & IN20,Broad origin-public ,WiDiv,2.9,24.675,NA,NA,7.333,93.338,NA,,,,,,,,,,,,,,,,,,,,,,
NSL22634,K155,"MI19, MI20, IN20, & WI20",Broad origin-public ,WiDiv,2.75,24.5,1.75,8.775,1.333,28.483,0,,,,,,,,,,,,,,,,,,,,,,
NSL22635,K41,"MI20, IN20, & WI20",Broad origin-public ,WiDiv,0.7,8.575,NA,NA,0.667,16.38,0,,,,,,,,,,,,,,,,,,,,,,
NSL22983,C102,MI20 & IN20,Mixed,WiDiv,8.7,70.525,NA,NA,2.667,70,NA,,,,,,,,,,,,,,,,,,,,,,
NSL22984,J47,"MI20, IN20, & WI20",Mixed,WiDiv,5.85,47.25,NA,NA,0.833,15.449,0.01,,,,,,,,,,,,,,,,,,,,,,
NSL28965,Oh33,"MI19, MI20, IN20, & WI20",Broad origin-public ,WiDiv,5.7,49.175,0.1,3.2,5.667,140.007,0,,,,,,,,,,,,,,,,,,,,,,
NSL28966,Oh40B,"MI20, IN20, & WI20",NSS-Oh43,WiDiv,6.7,52.5,NA,NA,1.333,44.331,0,,,,,,,,,,,,,,,,,,,,,,
NSL30038,K4,"MI19, MI20, IN20, & WI20",Broad origin-public ,WiDiv,1.35,15.75,5,19.8,1.667,31.031,0,,,,,,,,,,,,,,,,,,,,,,
NSL30053,W22,"MI20, IN20, & WI20",Broad origin-public ,WiDiv,2.8,22.75,NA,NA,1.333,65.611,0,,,,,,,,,,,,,,,,,,,,,,
NSL30056,W703,WI20,,WiDiv,NA,NA,NA,NA,NA,NA,0.01,,,,,,,,,,,,,,,,,,,,,,
NSL30060,W23,"MI19, MI20, IN20, & WI20",Broad origin-public ,WiDiv,5.05,46.375,0.1,2.55,3.333,87.724,0.03,,,,,,,,,,,,,,,,,,,,,,
NSL30064,W24,"MI19, MI20, IN20, & WI20",Broad origin-public ,WiDiv,2.6,33.425,0.55,4.775,6.667,170.331,0.02,,,,,,,,,,,,,,,,,,,,,,
NSL30065,W9,"MI19, MI20, IN20, & WI20",Broad origin-public ,WiDiv,2.3,21.7,0.05,0.875,0.37,17.101,0,,,,,,,,,,,,,,,,,,,,,,
NSL30066,WR3,"MI19, IN20 & WI20",Broad origin-public ,WiDiv,NA,NA,0.1,2.725,2,84.28,0.0375,,,,,,,,,,,,,,,,,,,,,,
NSL30071,W32,"MI20, IN20, & WI20",Broad origin-public ,WiDiv,4.8,40.775,NA,NA,1.667,24.962,0.03,,,,,,,,,,,,,,,,,,,,,,
NSL30073,W37A,IN20 & WI20,Broad origin-public ,WiDiv,NA,NA,NA,NA,2,84.007,0,,,,,,,,,,,,,,,,,,,,,,
NSL30074,W182E,"MI20, IN20, & WI20",Broad origin-public ,WiDiv,4,22.4,NA,NA,0.667,28.707,0,,,,,,,,,,,,,,,,,,,,,,
NSL30861,A,"MI19, MI20, IN20, & WI20",Broad origin-public ,WiDiv,2.15,23.975,0.1,3.1,1,11.942,0.01,,,,,,,,,,,,,,,,,,,,,,
NSL30867,M14,"MI20, IN20, & WI20",Broad origin-public ,WiDiv,2.3,26.95,NA,NA,2.333,32.9,0,,,,,,,,,,,,,,,,,,,,,,
NSL30868,R30,"MI20, IN20, & WI20",Broad origin-public ,WiDiv,1.35,18.025,NA,NA,5.333,110.838,0.04,,,,,,,,,,,,,,,,,,,,,,
NSL30869,R53,IN20 & WI20,Broad origin-public ,WiDiv,NA,NA,NA,NA,1.667,39.662,0,,,,,,,,,,,,,,,,,,,,,,
NSL30872,R71,"MI20, IN20, & WI20",Broad origin-public ,WiDiv,4.9,45.325,NA,NA,1.033,128.562,0.04,,,,,,,,,,,,,,,,,,,,,,
NSL30876,R78,"MI20, IN20, & WI20",Broad origin-public ,WiDiv,1.55,12.775,NA,NA,1.667,30.821,0,,,,,,,,,,,,,,,,,,,,,,
NSL30878,R101,"MI20, IN20, & WI20",Broad origin-public ,WiDiv,4.05,32.55,NA,NA,0.4,17.059,0.01,,,,,,,,,,,,,,,,,,,,,,
NSL30883,R113,"MI19, MI20, IN20, & WI20",Broad origin-public ,WiDiv,2.9,25.2,0.1,2.475,0.667,14.959,0.01,,,,,,,,,,,,,,,,,,,,,,
NSL30884,R134,"MI19, MI20, IN20, & WI20",Broad origin-public ,WiDiv,6.1,46.2,3.75,15.5,1.333,30.583,0.05,,,,,,,,,,,,,,,,,,,,,,
NSL30894,R177,MI19 & IN20,Broad origin-public ,WiDiv,NA,NA,3.75,25.325,2.667,57.638,NA,,,,,,,,,,,,,,,,,,,,,,
NSL30896,R181B,"MI19, IN20 & WI20",Broad origin-public ,WiDiv,NA,NA,0.1,3.2,9,233.338,0.02,,,,,,,,,,,,,,,,,,,,,,
NSL30902,R197,"MI19, MI20, IN20, & WI20",Mixed,WiDiv,2,16.8,1.75,8.325,0.833,29.869,0,,,,,,,,,,,,,,,,,,,,,,
NSL32726,ND167,MI19 & IN20,Broad origin-public ,WiDiv,NA,NA,0.05,0.875,0.37,23.583,NA,,,,,,,,,,,,,,,,,,,,,,
NSL32728,ND230,IN20 & WI20,Broad origin-public ,WiDiv,NA,NA,NA,NA,0.833,32.9,0,,,,,,,,,,,,,,,,,,,,,,
NSL32738,ND283,WI20,,WiDiv,NA,NA,NA,NA,NA,NA,0.01,,,,,,,,,,,,,,,,,,,,,,
NSL34374,SD15,"MI19, IN20 & WI20",Mixed,WiDiv,NA,NA,0.1,3.2,2,84.49,0,,,,,,,,,,,,,,,,,,,,,,
NSL42873,A12,WI20,,WiDiv,NA,NA,NA,NA,NA,NA,0.02,,,,,,,,,,,,,,,,,,,,,,
NSL42875,A71,"MI20, IN20, & WI20",Broad origin-public ,WiDiv,1.9,23.275,NA,NA,0.233,3.101,0,,,,,,,,,,,,,,,,,,,,,,
NSL42878,A171,WI20,,WiDiv,NA,NA,NA,NA,NA,NA,0,,,,,,,,,,,,,,,,,,,,,,
NSL437933,AusTRCF 306238,"MI20, IN20, & WI20",Mixed,WiDiv,4.25,39.2,NA,NA,5.333,87.493,0.075,,,,,,,,,,,,,,,,,,,,,,
NSL65863,B7,"MI20, IN20, & WI20",Broad origin-public ,WiDiv,2.35,29.225,NA,NA,2.333,51.793,0,,,,,,,,,,,,,,,,,,,,,,
NSL65864,B8,"MI19, MI20, IN20, & WI20",Broad origin-public ,WiDiv,3,34.3,0.1,3.2,1.333,28.693,0.1,,,,,,,,,,,,,,,,,,,,,,
NSL65865,B10,"MI19, MI20, IN20, & WI20",SS-BSSSC0,WiDiv,8.85,80.15,10.5,51.875,4.333,77.273,0,,,,,,,,,,,,,,,,,,,,,,
NSL65866,B14,"MI19, IN20 & WI20",SS-B14,WiDiv,NA,NA,0.1,2.65,2.333,46.9,0,,,,,,,,,,,,,,,,,,,,,,
NSL65872,L 289,"MI20, IN20, & WI20",Mixed,WiDiv,1.4,20.3,NA,NA,0.1,15.4,0.025,,,,,,,,,,,,,,,,,,,,,,
NSL65873,L317,"MI20, IN20, & WI20",Broad origin-public ,WiDiv,1.95,19.95,NA,NA,0.1,1.75,0.01,,,,,,,,,,,,,,,,,,,,,,
NSL65874,Os420,"MI20, IN20, & WI20",Mixed,WiDiv,1.7,17.85,NA,NA,3,95.9,0.06,,,,,,,,,,,,,,,,,,,,,,
NSL81596,A258,"MI19, MI20, IN20, & WI20",Broad origin-public ,WiDiv,4.7,36.4,0.1,2.3,0.4,27.769,0.05,,,,,,,,,,,,,,,,,,,,,,
NSL81597,A648,"MI20, IN20, & WI20",Broad origin-public ,WiDiv,4.3,37.8,NA,NA,2,114.338,0,,,,,,,,,,,,,,,,,,,,,,
NSL81599,A659,"MI19, MI20, IN20, & WI20",Broad origin-public ,WiDiv,7.6,51.625,0.1,2.65,3.667,70.238,0,,,,,,,,,,,,,,,,,,,,,,
PI151512,4226,WI20,,WiDiv,NA,NA,NA,NA,NA,NA,0,,,,,,,,,,,,,,,,,,,,,,
PI186196,INBRED 109,"MI20, IN20, & WI20",Tropical,WiDiv,0.25,4.025,NA,NA,0.233,1.75,0,,,,,,,,,,,,,,,,,,,,,,
PI186197,INBRED 100,MI20 & IN20,Tropical,WiDiv,1.2,21,NA,NA,1.5,27.307,NA,,,,,,,,,,,,,,,,,,,,,,
PI186199,INBRED 141,"MI20, IN20, & WI20",Broad origin-public ,WiDiv,8.9,63.7,NA,NA,4.333,88.669,0.02,,,,,,,,,,,,,,,,,,,,,,
PI186215,INBRED 2-687,"MI20, IN20, & WI20",Tropical,WiDiv,2.7,22.225,NA,NA,3,59.493,0.01,,,,,,,,,,,,,,,,,,,,,,
PI186226,INBRED 305,"MI20, IN20, & WI20",Tropical,WiDiv,5.75,46.55,NA,NA,5.333,67.9,0.045,,,,,,,,,,,,,,,,,,,,,,
PI186227,INBRED 309,"MI20, IN20, & WI20",Tropical,WiDiv,4.25,35.175,NA,NA,2,34.293,0.01,,,,,,,,,,,,,,,,,,,,,,
PI186229,INBRED 321,"MI20, IN20, & WI20",Mixed,WiDiv,2.15,18.725,NA,NA,1.333,21.273,0,,,,,,,,,,,,,,,,,,,,,,
PI198888,4F-35 BK,WI20,,WiDiv,NA,NA,NA,NA,NA,NA,0,,,,,,,,,,,,,,,,,,,,,,
PI198892,4F-234 BX 4,"MI20, IN20, & WI20",Mixed,WiDiv,1.45,23.275,NA,NA,0.203,6.559,0.05833,,,,,,,,,,,,,,,,,,,,,,
PI198897,4F-306 108,IN20 & WI20,Tropical,WiDiv,NA,NA,NA,NA,0.1,2.17,0,,,,,,,,,,,,,,,,,,,,,,
PI198906,4F-403 JV 15,WI20,,WiDiv,NA,NA,NA,NA,NA,NA,0,,,,,,,,,,,,,,,,,,,,,,
PI200182,NY 159 (Neveh Yaar),"MI20, IN20, & WI20",Mixed,WiDiv,1.4,22.925,NA,NA,3.333,45.724,0,,,,,,,,,,,,,,,,,,,,,,
PI200184,NY 166 (Neveh Yaar),"MI20, IN20, & WI20",Mixed,WiDiv,9.75,62.3,NA,NA,0.667,15.218,0.033,,,,,,,,,,,,,,,,,,,,,,
PI221773,A415-1-3 INBRED,"MI19, MI20, IN20, & WI20",Mixed,WiDiv,1,7.7,0.1,2.65,1,31.038,0.03,,,,,,,,,,,,,,,,,,,,,,
PI257506,F2,WI20,,WiDiv,NA,NA,NA,NA,NA,NA,0.02,,,,,,,,,,,,,,,,,,,,,,
PI257507,F7,WI20,,WiDiv,NA,NA,NA,NA,NA,NA,0,,,,,,,,,,,,,,,,,,,,,,
PI257513,F115,IN20,Broad origin-public ,WiDiv,NA,NA,NA,NA,1.167,64.239,NA,,,,,,,,,,,,,,,,,,,,,,
PI257517,FC46,WI20,,WiDiv,NA,NA,NA,NA,NA,NA,0.025,,,,,,,,,,,,,,,,,,,,,,
PI267163,A385,WI20,,WiDiv,NA,NA,NA,NA,NA,NA,0.02,,,,,,,,,,,,,,,,,,,,,,
PI267165,CR 22 INBRED,WI20,,WiDiv,NA,NA,NA,NA,NA,NA,0.02667,,,,,,,,,,,,,,,,,,,,,,
PI303924,NO. 380,WI20,,WiDiv,NA,NA,NA,NA,NA,NA,0,,,,,,,,,,,,,,,,,,,,,,
PI340819,T9,WI20,,WiDiv,NA,NA,NA,NA,NA,NA,0,,,,,,,,,,,,,,,,,,,,,,
PI340821,G22 T122,WI20,,WiDiv,NA,NA,NA,NA,NA,NA,0,,,,,,,,,,,,,,,,,,,,,,
PI340827,T141,"MI20, IN20, & WI20",Broad origin-public ,WiDiv,4.5,34.3,NA,NA,1.167,53.669,0,,,,,,,,,,,,,,,,,,,,,,
PI340829,T146,WI20,,WiDiv,NA,NA,NA,NA,NA,NA,0.04,,,,,,,,,,,,,,,,,,,,,,
PI340830,T242,WI20,,WiDiv,NA,NA,NA,NA,NA,NA,0,,,,,,,,,,,,,,,,,,,,,,
PI340836,CA-4,WI20,,WiDiv,NA,NA,NA,NA,NA,NA,0.1,,,,,,,,,,,,,,,,,,,,,,
PI340855,B-18 INBR.FR.SUPERGOLD,WI20,,WiDiv,NA,NA,NA,NA,NA,NA,0.01,,,,,,,,,,,,,,,,,,,,,,
PI340860,B-28,WI20,,WiDiv,NA,NA,NA,NA,NA,NA,0.03,,,,,,,,,,,,,,,,,,,,,,
PI369437,80-2,WI20,,WiDiv,NA,NA,NA,NA,NA,NA,0.0583,,,,,,,,,,,,,,,,,,,,,,
PI369446,U 123,WI20,,WiDiv,NA,NA,NA,NA,NA,NA,0,,,,,,,,,,,,,,,,,,,,,,
PI391662,KUNG-70,"MI19, MI20, IN20, & WI20",Mixed,WiDiv,2.2,23.1,0.1,2.55,1.733,36.68,0.02,,,,,,,,,,,,,,,,,,,,,,
PI391665,YING-55,"MI19, MI20, IN20, & WI20",Broad origin-public ,WiDiv,8.05,57.75,0.1,2.375,4,108.759,0.05,,,,,,,,,,,,,,,,,,,,,,
PI391672,YANG,"MI19, IN20 & WI20",Tropical,WiDiv,NA,NA,0.1,2.9,0.367,36.862,0,,,,,,,,,,,,,,,,,,,,,,
PI391678,TZU-CHIAO-HSI-WU 105,"MI19, MI20, IN20, & WI20",Mixed,WiDiv,9.55,81.55,1.75,32.625,1.667,49.077,0,,,,,,,,,,,,,,,,,,,,,,
PI391680,WU-TAN-TZAO,"MI20, IN20, & WI20",Mixed,WiDiv,3.85,40.425,NA,NA,0.233,3.101,0,,,,,,,,,,,,,,,,,,,,,,
PI391682,YE-CHI-HUNG,"MI19, MI20, IN20, & WI20",Tropical,WiDiv,3.85,49.525,1,26.5,4.667,81.669,0.025,,,,,,,,,,,,,,,,,,,,,,
PI406131,A797NW,"MI20, IN20, & WI20",Broad origin-public ,WiDiv,1.5,19.775,NA,NA,2.667,44.576,0.05,,,,,,,,,,,,,,,,,,,,,,
PI415082,4554 INBRED,WI20,,WiDiv,NA,NA,NA,NA,NA,NA,0,,,,,,,,,,,,,,,,,,,,,,
PI415086,4578 INBRED,"MI19, MI20, IN20, & WI20",Mixed,WiDiv,2.05,18.725,0.1,2.825,2.333,58.338,0.075,,,,,,,,,,,,,,,,,,,,,,
PI427109,Eng-Li Chih,"MI19, IN20, & WI20",Broad origin-public ,WiDiv,NA,NA,0.1,3.2,2.333,116.669,0.0167,,,,,,,,,,,,,,,,,,,,,,
PI427111,Chi-tan 120,"MI19, MI20, IN20, & WI20",Broad origin-public ,WiDiv,2.3,18.55,0.1,2.65,0.1,24.528,0.23,,,,,,,,,,,,,,,,,,,,,,
PI508277,SD42,"MI20, IN20, & WI20",Broad origin-public ,WiDiv,0.8,9.45,NA,NA,1.333,36.169,0.03,,,,,,,,,,,,,,,,,,,,,,
PI517968,Pa392,"MI19, MI20, IN20, & WI20",Broad origin-public ,WiDiv,0.8,11.375,0.1,1.05,1.667,40.159,0,,,,,,,,,,,,,,,,,,,,,,
PI517971,Pa468,"MI19, MI20, IN20, & WI20",Broad origin-public ,WiDiv,4.65,33.25,3,13.35,0.533,18.221,0.1,,,,,,,,,,,,,,,,,,,,,,
PI517974,Pa880,"MI19, MI20, IN20, & WI20",Mixed,WiDiv,1.55,13.475,3,36.675,0.667,8.211,0.05,,,,,,,,,,,,,,,,,,,,,,
PI520770,W552,IN20 & WI20,Broad origin-public ,WiDiv,NA,NA,NA,NA,3,63.7,0.05,,,,,,,,,,,,,,,,,,,,,,
PI520774,NC264,"MI19, MI20, IN20, & WI20",Tropical,WiDiv,1.35,12.075,0.55,2.625,0.7,5.46,0,,,,,,,,,,,,,,,,,,,,,,
PI522250,ND262,"MI19, IN20, & WI20",Broad origin-public ,WiDiv,NA,NA,0.05,0.975,3,64.169,0,,,,,,,,,,,,,,,,,,,,,,
PI524969,SD44,"MI19, MI20, IN20, & WI20",Mixed,WiDiv,2.75,26.25,0.55,17.25,12.333,186.669,0.01,,,,,,,,,,,,,,,,,,,,,,
PI527699,B90,IN20 & WI20,Broad origin-public ,WiDiv,NA,NA,NA,NA,0.1,2.149,0,,,,,,,,,,,,,,,,,,,,,,
PI527700,B91,"MI20, IN20, & WI20",Mixed,WiDiv,2.65,26.25,NA,NA,0.667,14.028,0.02,,,,,,,,,,,,,,,,,,,,,,
PI531083,Pa891,"MI19, MI20, IN20, & WI20",NSS-Oh43,WiDiv,3.75,29.05,3.75,18.475,1,21.49,0.035,,,,,,,,,,,,,,,,,,,,,,
PI531084,NC258,WI20,,WiDiv,NA,NA,NA,NA,NA,NA,0,,,,,,,,,,,,,,,,,,,,,,
PI531085,NC262,WI20,,WiDiv,NA,NA,NA,NA,NA,NA,0,,,,,,,,,,,,,,,,,,,,,,
PI531509,R225,"MI20, IN20, & WI20",Mixed,WiDiv,6.8,42.875,NA,NA,2,50.393,0,,,,,,,,,,,,,,,,,,,,,,
PI531510,R226,"MI20, IN20, & WI20",Mixed,WiDiv,3.7,33.95,NA,NA,2.667,44.576,0.08,,,,,,,,,,,,,,,,,,,,,,
PI531511,R227,"MI19, MI20, IN20, & WI20",SS-BSSSC0,WiDiv,1.45,12.425,0.55,3.85,2.333,36.624,0.05,,,,,,,,,,,,,,,,,,,,,,
PI533658,SD101,"MI19, MI20, IN20, & WI20",SS-B37,WiDiv,3.25,27.125,0.55,4.4,2.667,26.376,0.04,,,,,,,,,,,,,,,,,,,,,,
PI533659,SD102,"MI19, MI20, IN20, & WI20",IDT,WiDiv,4.05,27.825,3,12.8,1.667,25.739,0,,,,,,,,,,,,,,,,,,,,,,
PI535906,S 56,WI20,,WiDiv,NA,NA,NA,NA,NA,NA,0,,,,,,,,,,,,,,,,,,,,,,
PI537097,LH195,"MI19, MI20, IN20, & WI20",SS-B73,WiDiv,0.2,4.55,0.1,2.475,0.833,11.039,0,,,,,,,,,,,,,,,,,,,,,,
PI537098,LH204,"MI19, MI20, IN20, & WI20",SS-B73,WiDiv,1.15,17.5,0.1,3.1,1.333,42.693,0,,,,,,,,,,,,,,,,,,,,,,
PI537099,LH205,"MI19, MI20, IN20, & WI20",SS-B73,WiDiv,0.6,10.85,0.05,0.875,1.667,32.9,0,,,,,,,,,,,,,,,,,,,,,,
PI537100,LH210,"MI20, IN20, & WI20",NSS-Mo17,WiDiv,12.3,84,NA,NA,3.333,66.962,0,,,,,,,,,,,,,,,,,,,,,,
PI537101,LH211,"MI19, MI20, IN20, & WI20",NSS-Mo17,WiDiv,3,25.725,1.3,7.2,1,21.28,0.02,,,,,,,,,,,,,,,,,,,,,,
PI538007,LH127,"MI19, MI20, IN20, & WI20",NSS-Oh43,WiDiv,6.2,55.475,3,28.775,6.667,72.331,0.075,,,,,,,,,,,,,,,,,,,,,,
PI538008,LH163,"MI19, MI20, IN20, & WI20",Mixed,WiDiv,11.15,75.775,5.5,42.775,1.667,31.031,0.05,,,,,,,,,,,,,,,,,,,,,,
PI538009,LH196,"MI19, MI20 & IN20",SS-B73,WiDiv,0.4,9.8,0,0.625,0.7,12.18,NA,,,,,,,,,,,,,,,,,,,,,,
PI538010,LH206,"MI19, MI20, IN20, & WI20",SS-B73,WiDiv,5.15,34.825,0.05,1.5,2.367,56.266,0,,,,,,,,,,,,,,,,,,,,,,
PI538011,LH220Ht,"MI19, IN20, & WI20",SS-B14,WiDiv,NA,NA,0.05,0.975,1,63.07,0,,,,,,,,,,,,,,,,,,,,,,
PI538243,SD107,WI20,,WiDiv,NA,NA,NA,NA,NA,NA,0,,,,,,,,,,,,,,,,,,,,,,
PI539920,LH160,"MI19, IN20 & WI20",Mixed,WiDiv,NA,NA,0.55,17.05,1.333,103.369,0.05,,,,,,,,,,,,,,,,,,,,,,
PI539921,LH162,"MI19, IN20 & WI20",Mixed,WiDiv,NA,NA,0.1,11.875,6.667,112,0,,,,,,,,,,,,,,,,,,,,,,
PI539922,LH190,"MI19, MI20, IN20, & WI20",SS-B73,WiDiv,1.7,16.275,0.1,2.275,0.533,13.118,0.03,,,,,,,,,,,,,,,,,,,,,,
PI539923,LH194,"MI19, MI20, IN20, & WI20",SS-B73,WiDiv,0.45,7.175,1.75,8.25,0.7,19.39,0,,,,,,,,,,,,,,,,,,,,,,
PI539924,LH202,"MI19, MI20, IN20, & WI20",SS-B73,WiDiv,1.05,14.875,0.1,2.4,2,62.293,0.01,,,,,,,,,,,,,,,,,,,,,,
PI539925,LH191,"MI19, MI20, IN20, & WI20",Mixed,WiDiv,0.95,9.275,0.1,2.025,1.667,21.707,0,,,,,,,,,,,,,,,,,,,,,,
PI539926,LH192,"MI19, MI20, IN20, & WI20",SS-B73,WiDiv,0.7,11.9,0.05,2.475,0.367,3.99,0,,,,,,,,,,,,,,,,,,,,,,
PI539927,LH193,"MI20, IN20, & WI20",SS-B73,WiDiv,0.55,11.2,NA,NA,0.667,28.077,0,,,,,,,,,,,,,,,,,,,,,,
PI539930,RS 710,"MI19, IN20 & WI20",Broad origin-public ,WiDiv,NA,NA,1.75,8.425,2.167,86.338,0,,,,,,,,,,,,,,,,,,,,,,
PI542716,NP87,WI20,,WiDiv,NA,NA,NA,NA,NA,NA,0.053333333,,,,,,,,,,,,,,,,,,,,,,
PI542777,HP72-11,WI20,,WiDiv,NA,NA,NA,NA,NA,NA,0,,,,,,,,,,,,,,,,,,,,,,
PI543840,PHJ65,MI20 & IN20,Mixed,WiDiv,1.5,12.95,NA,NA,0.667,22.407,NA,,,,,,,,,,,,,,,,,,,,,,
PI543841,PHK46,"MI19, MI20, IN20, & WI20",Mixed,WiDiv,2.45,22.05,1.75,8.425,1.333,28.483,0,,,,,,,,,,,,,,,,,,,,,,
PI543842,PHK56,"MI19, MI20, IN20, & WI20",NSS-Oh43,WiDiv,5.7,53.025,3.75,42.8,6.667,104.3,0.01,,,,,,,,,,,,,,,,,,,,,,
PI543843,PHN34,"MI20, IN20, & WI20",Mixed,WiDiv,2.65,28.35,NA,NA,0.337,5.901,0,,,,,,,,,,,,,,,,,,,,,,
PI543844,PHN46,"MI19, MI20, IN20, & WI20",NSS-Oh43,WiDiv,8.05,57.575,5,28.2,2.333,60.9,0.05,,,,,,,,,,,,,,,,,,,,,,
PI543845,PHP38,"MI19, MI20, IN20, & WI20",SS-B37,WiDiv,3.4,31.5,1.75,8.6,2.333,44.338,0.02,,,,,,,,,,,,,,,,,,,,,,
PI543846,PHP76,"MI19, MI20, IN20, & WI20",IDT,WiDiv,7,59.5,1.3,39.55,3.667,100.338,0.04,,,,,,,,,,,,,,,,,,,,,,
PI543847,PHV07,"MI20, IN20, & WI20",SS-B37,WiDiv,1.35,13.825,NA,NA,1.667,44.821,0,,,,,,,,,,,,,,,,,,,,,,
PI543848,PHW06,IN20 & WI20,IDT,WiDiv,NA,NA,NA,NA,1,45.038,0.02,,,,,,,,,,,,,,,,,,,,,,
PI543849,PHW51,"MI19, MI20, IN20, & WI20",SS-B14,WiDiv,0.95,15.925,1.75,8.075,3.667,93.331,0.01,,,,,,,,,,,,,,,,,,,,,,
PI543850,PHW86,"MI19, MI20, IN20, & WI20",IDT,WiDiv,3,42.7,0.55,21.775,1.333,53.669,0.05,,,,,,,,,,,,,,,,,,,,,,
PI543916,Mp339,IN20,Mixed,WiDiv,NA,NA,NA,NA,0.07,1.12,NA,,,,,,,,,,,,,,,,,,,,,,
PI544065,BCC03,"MI19, MI20, & WI20",,WiDiv,9.45,94.15,0.55,23.125,NA,NA,0.08,,,,,,,,,,,,,,,,,,,,,,
PI544065,NKBCC03,"MI19, MI20 & IN20",NSS-Mo17,WiDiv,9.45,94.15,0.55,23.125,2,38.038,NA,,,,,,,,,,,,,,,,,,,,,,
PI546481,DKFBLL,"MI20, IN20 & WI20",SS-B73,WiDiv,3.5,32.2,NA,NA,1.667,51.576,0.01,,,,,,,,,,,,,,,,,,,,,,
PI546482,DKFBLA,"MI20, IN20 & WI20",SS-B14,WiDiv,3.5,29.75,NA,NA,3.667,90.062,0.04,,,,,,,,,,,,,,,,,,,,,,
PI546483,DK6F629,"MI19, MI20, IN20, & WI20",Mixed,WiDiv,2.05,28.875,0.1,2.45,0.367,4.018,0.01,,,,,,,,,,,,,,,,,,,,,,
PI546484,DK6M502A,"MI19, MI20, IN20, & WI20",Mixed,WiDiv,5.1,35.35,7.5,51.875,3.333,74.662,0.05,,,,,,,,,,,,,,,,,,,,,,
PI546485,DKNL001,"MI19, MI20, IN20, & WI20",SS-B73,WiDiv,5.85,47.6,0.1,2.9,1.333,46.949,0.02,,,,,,,,,,,,,,,,,,,,,,
PI546494,ND265,"MI19, IN20, & WI20",Broad origin-public ,WiDiv,NA,NA,0.55,17.5,0.833,24.983,0.01,,,,,,,,,,,,,,,,,,,,,,
PI547086,LH128,"MI20, IN20, & WI20",NSS-Mo17,WiDiv,22.15,208.075,NA,NA,9,134.169,0.08,,,,,,,,,,,,,,,,,,,,,,
PI547087,LH181,MI20 & IN20,NSS-Mo17,WiDiv,16.7,90.65,NA,NA,3.667,73.5,NA,,,,,,,,,,,,,,,,,,,,,,
PI547088,LH208,"MI19, MI20, IN20, & WI20",SS-B73,WiDiv,2.75,19.95,0.1,1.575,0.833,9.583,0,,,,,,,,,,,,,,,,,,,,,,
PI547089,LH212Ht,MI20 & IN20,NSS-Oh43,WiDiv,9.05,58.8,NA,NA,1.667,56.007,NA,,,,,,,,,,,,,,,,,,,,,,
PI547090,LH213,"MI20, IN20, & WI20",NSS-Oh43,WiDiv,8.25,64.75,NA,NA,0.833,38.5,0,,,,,,,,,,,,,,,,,,,,,,
PI547107,Lp215D,"MI19, MI20, IN20, & WI20",NSS-Mo17,WiDiv,7.95,58.1,3.75,15.5,3.667,63.707,0.026666667,,,,,,,,,,,,,,,,,,,,,,
PI548798,PHJ89,"MI19, MI20, IN20, & WI20",NSS-Oh43,WiDiv,5.3,47.775,3.75,36.125,3,47.838,0.06,,,,,,,,,,,,,,,,,,,,,,
PI548799,PHJ90,"MI19, MI20, IN20, & WI20",IDT,WiDiv,5.2,35,6,34.325,1.333,37.821,0.05,,,,,,,,,,,,,,,,,,,,,,
PI548800,PHK93,"MI19, MI20, IN20, & WI20",NSS-Oh43,WiDiv,1.55,20.65,1.75,8.625,1,21.49,0.01,,,,,,,,,,,,,,,,,,,,,,
PI548801,PHM81,"MI19, MI20, IN20, & WI20",Mixed,WiDiv,11.3,79.8,3.75,38.75,4.667,205.338,0.24,,,,,,,,,,,,,,,,,,,,,,
PI548802,PHN66,"MI19, MI20, IN20, & WI20",Mixed,WiDiv,3.95,28.875,0.55,4.4,1.667,44.338,0.02,,,,,,,,,,,,,,,,,,,,,,
PI548803,PHR03,"MI19, MI20, IN20, & WI20",Mixed,WiDiv,3.25,25.375,3.75,33.5,1.667,26.369,0.08,,,,,,,,,,,,,,,,,,,,,,
PI548804,PHR55,"MI20, IN20, & WI20",Mixed,WiDiv,0.95,15.575,NA,NA,2.333,57.4,0.075,,,,,,,,,,,,,,,,,,,,,,
PI548805,PHR58,"MI19, MI20, IN20, & WI20",NSS-Oh43,WiDiv,2.85,34.475,3.75,24.375,2,33.362,0.03,,,,,,,,,,,,,,,,,,,,,,
PI548806,PHR61,"MI19, MI20, IN20, & WI20",SS-B37,WiDiv,3.5,39.2,5,23.5,3,43.162,0.0125,,,,,,,,,,,,,,,,,,,,,,
PI548807,PHT11,"MI19, MI20, IN20, & WI20",SS-B37,WiDiv,2.15,28,4,27.675,1,39.942,0.01,,,,,,,,,,,,,,,,,,,,,,
PI548808,PHW30,"MI19, MI20, IN20, & WI20",Mixed,WiDiv,2.95,29.575,1.3,7.025,1,26.362,0.025,,,,,,,,,,,,,,,,,,,,,,
PI548830,DK29MIBZ2,"MI19, MI20, IN20, & WI20",IDT,WiDiv,5.65,47.95,12.5,72,2.333,116.669,0,,,,,,,,,,,,,,,,,,,,,,
PI548839,DKMBUB,"MI20, IN20, & WI20",NSS-Oh43,WiDiv,1.8,18.9,NA,NA,0.667,28.287,0,,,,,,,,,,,,,,,,,,,,,,
PI550440,B64,"MI20, IN20, & WI20",SS-B14,WiDiv,3.2,37.1,NA,NA,1,16.87,0,,,,,,,,,,,,,,,,,,,,,,
PI550454,B52,IN20,Broad origin-public ,WiDiv,NA,NA,NA,NA,2.667,53.9,NA,,,,,,,,,,,,,,,,,,,,,,
PI550461,B14A,"MI20, IN20, & WI20",SS-B14,WiDiv,3.15,29.75,NA,NA,1.333,33.824,0,,,,,,,,,,,,,,,,,,,,,,
PI550463,B65,WI20,,WiDiv,NA,NA,NA,NA,NA,NA,0.03,,,,,,,,,,,,,,,,,,,,,,
PI550464,B66,"MI19, MI20, IN20, & WI20",NSS-Oh43,WiDiv,8.7,89.25,3.75,52.125,6.333,166.824,0.04,,,,,,,,,,,,,,,,,,,,,,
PI550465,B68,"MI19, MI20, IN20, & WI20",SS-B14,WiDiv,3.5,30.275,1.75,11.475,2.667,47.838,0.1,,,,,,,,,,,,,,,,,,,,,,
PI550466,B70,WI20,,WiDiv,NA,NA,NA,NA,NA,NA,0,,,,,,,,,,,,,,,,,,,,,,
PI550467,B37,MI20 & IN20,SS-B37,WiDiv,5,40.425,NA,NA,4,105,NA,,,,,,,,,,,,,,,,,,,,,,
PI550469,B46,IN20 & WI20,SS-BSSSC0,WiDiv,NA,NA,NA,NA,2,28.28,0.075,,,,,,,,,,,,,,,,,,,,,,
PI550470,B54,"MI20, IN20, & WI20",Broad origin-public ,WiDiv,1.4,16.1,NA,NA,1.333,23.401,0,,,,,,,,,,,,,,,,,,,,,,
PI550472,B57,"MI20, IN20, & WI20",Broad origin-public ,WiDiv,4.5,38.15,NA,NA,5.333,84,0.06,,,,,,,,,,,,,,,,,,,,,,
PI550473,B73,"MI19, MI20, IN20, & WI20",SS-B73,WiDiv,1.730769231,16.16730769,0.1,2.325,0.233,20.993,0,,,,,,,,,,,,,,,,,,,,,,
PI550483,B76,"MI20, IN20, & WI20",Broad origin-public ,WiDiv,3.7,28.525,NA,NA,1.667,52.507,0.02,,,,,,,,,,,,,,,,,,,,,,
PI550489,ND245,IN20 & WI20,Broad origin-public ,WiDiv,NA,NA,NA,NA,1,27.083,0,,,,,,,,,,,,,,,,,,,,,,
PI550490,ND246,IN20 & WI20,Broad origin-public ,WiDiv,NA,NA,NA,NA,1.333,32.739,0,,,,,,,,,,,,,,,,,,,,,,
PI550503,ND247,WI20,,WiDiv,NA,NA,NA,NA,NA,NA,0,,,,,,,,,,,,,,,,,,,,,,
PI550518,T8,WI20,,WiDiv,NA,NA,NA,NA,NA,NA,0.01,,,,,,,,,,,,,,,,,,,,,,
PI550522,T232,MI19 & IN20,Mixed,WiDiv,NA,NA,0.55,4.2,0.233,11.501,NA,,,,,,,,,,,,,,,,,,,,,,
PI550526,H110,"MI20, IN20, & WI20",Mixed,WiDiv,1.65,18.55,NA,NA,0.233,4.942,0.04,,,,,,,,,,,,,,,,,,,,,,
PI550530,ND249,IN20 & WI20,Broad origin-public ,WiDiv,NA,NA,NA,NA,0.233,27.538,0,,,,,,,,,,,,,,,,,,,,,,
PI550532,ND251,IN20 & WI20,Broad origin-public ,WiDiv,NA,NA,NA,NA,0.667,38.5,0,,,,,,,,,,,,,,,,,,,,,,
PI550555,NC250,"MI20, IN20, & WI20",SS-B37,WiDiv,5.3,34.65,NA,NA,2.333,40.159,0,,,,,,,,,,,,,,,,,,,,,,
PI550556,B88,"MI20, IN20, & WI20",Mixed,WiDiv,2.55,20.475,NA,NA,1,16.408,0,,,,,,,,,,,,,,,,,,,,,,
PI550558,DE811,"MI19, MI20, IN20, & WI20",SS-B14,WiDiv,4.75,45.675,2.5,14.2,5,79.338,0.08,,,,,,,,,,,,,,,,,,,,,,
PI550566,N192,"MI20, IN20, & WI20",SS-B73,WiDiv,1.1,10.5,NA,NA,2,31.969,0,,,,,,,,,,,,,,,,,,,,,,
PI550567,N193,"MI20, IN20, & WI20",Broad origin-public ,WiDiv,4.8,44.975,NA,NA,1.667,56.007,0,,,,,,,,,,,,,,,,,,,,,,
PI550571,ND259,IN20 & WI20,Broad origin-public ,WiDiv,NA,NA,NA,NA,1,63.7,0.03,,,,,,,,,,,,,,,,,,,,,,
PI550573,ND260,IN20 & WI20,Broad origin-public ,WiDiv,NA,NA,NA,NA,8,173.831,0,,,,,,,,,,,,,,,,,,,,,,
PI550695,L 155,"MI19, IN20, & WI20",IDT,WiDiv,NA,NA,0.1,3.2,1.333,37.611,0,,,,,,,,,,,,,,,,,,,,,,
PI552815,LH215,"MI20, IN20, & WI20",NSS-Mo17,WiDiv,3.7,30.8,NA,NA,2.667,44.331,0.03,,,,,,,,,,,,,,,,,,,,,,
PI554612,LH209,WI20,,WiDiv,NA,NA,NA,NA,NA,NA,0,,,,,,,,,,,,,,,,,,,,,,
PI554615,DKMM402A,"MI20, IN20, & WI20",NSS-Oh43,WiDiv,7.15,41.475,NA,NA,1.333,23.611,0.0575,,,,,,,,,,,,,,,,,,,,,,
PI554616,DK3IBZ2,"MI20, IN20, & WI20",Mixed,WiDiv,NA,NA,0.1,2.825,3.333,100.331,0.03,,,,,,,,,,,,,,,,,,,,,,
PI555462,DKF118,"MI19, MI20, IN20, & WI20",SS-B73,WiDiv,2,14,0.1,2.65,1.5,28.231,0,,,,,,,,,,,,,,,,,,,,,,
PI555650,DKLIBC 4,"MI20, IN20, & WI20",IDT,WiDiv,9.15,57.4,NA,NA,7.333,160.993,0.05,,,,,,,,,,,,,,,,,,,,,,
PI555651,DK83IBI3,"MI19, MI20 & IN20",IDT,WiDiv,6.55,61.6,17.5,95,4.333,86.324,NA,,,,,,,,,,,,,,,,,,,,,,
PI555659,LH164,"MI19, MI20, IN20, & WI20",IDT,WiDiv,6.5,63.7,7.5,79.25,3,96.831,0,,,,,,,,,,,,,,,,,,,,,,
PI555660,LH214,"MI19, MI20, IN20, & WI20",NSS-Oh43,WiDiv,5.7,31.325,4.75,18.75,1.333,28.483,0.03,,,,,,,,,,,,,,,,,,,,,,
PI557556,911,"MI19, MI20, IN20, & WI20",IDT,WiDiv,9.55,67.9,4.75,64.875,4,146.293,0,,,,,,,,,,,,,,,,,,,,,,
PI557557,912,"MI19, MI20, IN20, & WI20",IDT,WiDiv,8.25,61.775,5.05,23.675,2.667,119.007,0.04,,,,,,,,,,,,,,,,,,,,,,
PI557562,LH197,"MI20, IN20, & WI20",SS-B73,WiDiv,0.85,9.625,NA,NA,1.333,25.9,0,,,,,,,,,,,,,,,,,,,,,,
PI557563,LH198,"MI20, IN20, & WI20",SS-B73,WiDiv,4.3,24.85,NA,NA,1.167,15.869,0,,,,,,,,,,,,,,,,,,,,,,
PI557566,LH199,"MI19, MI20, IN20, & WI20",SS-B73,WiDiv,1.35,12.425,0.1,2.475,1.667,35.077,0,,,,,,,,,,,,,,,,,,,,,,
PI557569,LH216,"MI19, MI20, IN20, & WI20",NSS-Mo17,WiDiv,1.8,23.8,3.75,18.575,5.333,102.662,0.02,,,,,,,,,,,,,,,,,,,,,,
PI558516,Mo7,WI20,,WiDiv,NA,NA,NA,NA,NA,NA,0,,,,,,,,,,,,,,,,,,,,,,
PI558518,Mo15W,MI20 & IN20,Broad origin-public ,WiDiv,4.25,28.35,NA,NA,2,23.408,NA,,,,,,,,,,,,,,,,,,,,,,
PI558520,Mo1W,"MI20, IN20, & WI20",Mixed,WiDiv,5.85,32.55,NA,NA,0.667,18.739,0,,,,,,,,,,,,,,,,,,,,,,
PI558522,Mo3,"MI19, MI20 & IN20",Broad origin-public ,WiDiv,0.95,9.975,1,6.35,0.833,20.111,NA,,,,,,,,,,,,,,,,,,,,,,
PI558523,Mo5,"MI20, IN20, & WI20",Mixed,WiDiv,4.5,30.975,NA,NA,3,53.669,0.066666667,,,,,,,,,,,,,,,,,,,,,,
PI558529,Mo13,MI20 & IN20,Broad origin-public ,WiDiv,0.25,4.025,NA,NA,0.07,1.939,NA,,,,,,,,,,,,,,,,,,,,,,
PI558531,Mo16W,IN20 & WI20,Mixed,WiDiv,NA,NA,NA,NA,1.333,23.401,0,,,,,,,,,,,,,,,,,,,,,,
PI558532,Mo17,"MI19, MI20, IN20, & WI20",NSS-Mo17,WiDiv,4,37.1,3,12.25,4.333,54.369,0.01,,,,,,,,,,,,,,,,,,,,,,
PI559375,LH222,"MI19, IN20, & WI20",SS-B14,WiDiv,NA,NA,0.1,2.55,1.667,74.669,0.0475,,,,,,,,,,,,,,,,,,,,,,
PI559380,ICI 193,"MI19, MI20, IN20, & WI20",Mixed,WiDiv,1.3,19.25,2.55,11.225,8,123.662,0,,,,,,,,,,,,,,,,,,,,,,
PI559381,ICI 441,"MI19, MI20, IN20, & WI20",SS-B73,WiDiv,0.7,9.8,0.1,2.375,0.867,22.659,0,,,,,,,,,,,,,,,,,,,,,,
PI559382,ICI 740,"MI20, IN20, & WI20",SS-B73,WiDiv,1.3,10.85,NA,NA,1.333,22.624,0,,,,,,,,,,,,,,,,,,,,,,
PI559383,ICI 893,"MI20, IN20, & WI20",SS-B73,WiDiv,0.95,11.375,NA,NA,1,21.7,0,,,,,,,,,,,,,,,,,,,,,,
PI559384,ICI 986,"MI19, MI20, IN20, & WI20",IDT,WiDiv,4.15,45.675,6,34.225,1.667,80.507,0.04,,,,,,,,,,,,,,,,,,,,,,
PI559916,CS405,"MI19, MI20, IN20, & WI20",Mixed,WiDiv,1.85,25.55,0.55,4.225,3.333,107.338,0.04,,,,,,,,,,,,,,,,,,,,,,
PI559917,MQ305,"MI19, MI20, IN20, & WI20",IDT,WiDiv,5.5,44.45,3.75,36.1,1.667,106.638,0.07,,,,,,,,,,,,,,,,,,,,,,
PI559918,NQ508,"MI20, IN20, & WI20",IDT,WiDiv,2.2,17.5,NA,NA,2.333,45.031,0.01,,,,,,,,,,,,,,,,,,,,,,
PI559919,OQ101,"MI19, IN20, & WI20",Mixed,WiDiv,NA,NA,0.1,5.425,0.833,29.869,0.01,,,,,,,,,,,,,,,,,,,,,,
PI559920,OQ403,"MI19, IN20 & WI20",IDT,WiDiv,NA,NA,3,24.175,2,79.331,0.05,,,,,,,,,,,,,,,,,,,,,,
PI559921,OS602,"MI19, MI20, IN20, & WI20",IDT,WiDiv,10.7,81.025,5.05,71.675,2,37.408,0.04,,,,,,,,,,,,,,,,,,,,,,
PI559935,PHBA6,"MI19, MI20, IN20, & WI20",NSS-Oh43,WiDiv,7.2,66.15,1.75,27.225,3.333,69.062,0.06,,,,,,,,,,,,,,,,,,,,,,
PI559936,PHBW8,"MI19, MI20, IN20, & WI20",SS-B37,WiDiv,3.05,33.95,3.75,15.425,2.667,65.338,0.03,,,,,,,,,,,,,,,,,,,,,,
PI559937,PHDD6,WI20,,WiDiv,NA,NA,NA,NA,NA,NA,0.01,,,,,,,,,,,,,,,,,,,,,,
PI559938,PHGG7,WI20,,WiDiv,NA,NA,NA,NA,NA,NA,0,,,,,,,,,,,,,,,,,,,,,,
PI559939,PHGV6,MI20 & IN20,Mixed,WiDiv,2.35,25.2,NA,NA,0.367,14.721,NA,,,,,,,,,,,,,,,,,,,,,,
PI559940,PHGW7,WI20,,WiDiv,NA,NA,NA,NA,NA,NA,0.01,,,,,,,,,,,,,,,,,,,,,,
PI559942,PHK74,"MI19, MI20, IN20, & WI20",IDT,WiDiv,3.9,37.1,0.1,3,0.1,32.2,0,,,,,,,,,,,,,,,,,,,,,,
PI559943,PHN18,"MI19, MI20, IN20, & WI20",SS-B37,WiDiv,0.7,6.3,0.1,2.375,1.667,26.131,0,,,,,,,,,,,,,,,,,,,,,,
PI559944,PHP85,"MI19, MI20, IN20, & WI20",SS-B37,WiDiv,2.35,19.075,4.75,19.475,3.333,80.5,0.01,,,,,,,,,,,,,,,,,,,,,,
PI559945,PHPR5,"MI19, MI20, IN20, & WI20",Mixed,WiDiv,7.95,67.725,3.75,28.425,3.667,64.162,0.04,,,,,,,,,,,,,,,,,,,,,,
PI559947,PHR31,"MI19, MI20, IN20, & WI20",IDT,WiDiv,12.3,105.175,1,15.425,1.333,29.624,0.05,,,,,,,,,,,,,,,,,,,,,,
PI559948,PHT47,"MI20, IN20, & WI20",SS-B37,WiDiv,1.6,18.375,NA,NA,3,112.231,0.02,,,,,,,,,,,,,,,,,,,,,,
PI559949,PHT69,"MI19, MI20, IN20, & WI20",SS-B37,WiDiv,5.45,44.975,0.1,2.65,3.667,78.638,0.0375,,,,,,,,,,,,,,,,,,,,,,
PI559950,PHT73,"MI19, IN20, & WI20",Broad origin-public ,WiDiv,NA,NA,0.05,2.475,0.4,13.3,0.04,,,,,,,,,,,,,,,,,,,,,,
PI559951,PHTM9,"MI19, IN20, & WI20",NSS-Oh43,WiDiv,NA,NA,1,19.175,1.333,58.331,0.04,,,,,,,,,,,,,,,,,,,,,,
PI559952,PHV53,"MI19, MI20, IN20, & WI20",NSS-Oh43,WiDiv,1.9,15.575,1.75,8.775,1.333,65.338,0.02,,,,,,,,,,,,,,,,,,,,,,
PI559953,PHVA9,"MI19, MI20, IN20, & WI20",SS-B37,WiDiv,4.8,48.125,0.55,4.675,1.667,70.007,0.04,,,,,,,,,,,,,,,,,,,,,,
PI559954,PHWG5,"MI19, MI20, IN20, & WI20",NSS-Oh43,WiDiv,6.7,56.175,4.75,30.375,1.333,44.324,0.06,,,,,,,,,,,,,,,,,,,,,,
PI560081,Pa778,"MI20, IN20, & WI20",Mixed,WiDiv,2.15,26.075,NA,NA,1.7,32.669,0,,,,,,,,,,,,,,,,,,,,,,
PI560316,CS608,"MI20, IN20, & WI20",Mixed,WiDiv,1.8,26.075,NA,NA,1.667,35.497,0,,,,,,,,,,,,,,,,,,,,,,
PI560317,904,"MI19, MI20, IN20, & WI20",IDT,WiDiv,8.15,84,1,22.325,3.667,198.338,0.03,,,,,,,,,,,,,,,,,,,,,,
PI561522,AR228,WI20,,WiDiv,NA,NA,NA,NA,NA,NA,0.1,,,,,,,,,,,,,,,,,,,,,,
PI562377,LH159,MI20 & IN20,SS-B73,WiDiv,0.15,2.975,NA,NA,0.003,0.063,NA,,,,,,,,,,,,,,,,,,,,,,
PI562378,LH165,"MI19, IN20, & WI20",NSS-Mo17,WiDiv,NA,NA,0.55,16.875,1.167,37.8,0.01,,,,,,,,,,,,,,,,,,,,,,
PI562379,LH172,"MI19, MI20, IN20, & WI20",Mixed,WiDiv,2.3,28,5,19.8,2,28.07,0.01,,,,,,,,,,,,,,,,,,,,,,
PI562380,LH223,"MI19, MI20, IN20, & WI20",SS-B14,WiDiv,2.4,21,0.1,3.1,2.667,49.238,0.01,,,,,,,,,,,,,,,,,,,,,,
PI562381,LH224,"MI20, IN20, & WI20",SS-B14,WiDiv,1.2,10.675,NA,NA,1.667,21.539,0,,,,,,,,,,,,,,,,,,,,,,
PI564539,LH166,"MI20, IN20, & WI20",NSS-Oh43,WiDiv,3.75,49.7,NA,NA,2.667,67.669,0.01,,,,,,,,,,,,,,,,,,,,,,
PI564540,LH217,"MI19, MI20, IN20, & WI20",NSS-Mo17,WiDiv,9.95,67.9,8.75,39.225,1.667,25.739,0.02,,,,,,,,,,,,,,,,,,,,,,
PI564541,LH200,"MI19, MI20, IN20, & WI20",SS-B73,WiDiv,1.75,15.925,0.1,1.75,2,38.493,0,,,,,,,,,,,,,,,,,,,,,,
PI564542,LH184,"MI20, IN20, & WI20",Mixed,WiDiv,0.25,4.375,NA,NA,0.067,1.428,0.01,,,,,,,,,,,,,,,,,,,,,,
PI564543,LH167,"MI19, MI20, IN20, & WI20",NSS-Mo17,WiDiv,4.15,33.25,2.5,29.475,4,64.183,0.033333333,,,,,,,,,,,,,,,,,,,,,,
PI564682,B97,"MI19, MI20, IN20, & WI20",Broad origin-public ,WiDiv,2.5,19.775,1.3,6.75,0.833,9.163,0.01,,,,,,,,,,,,,,,,,,,,,,
PI564683,B98,WI20,,WiDiv,NA,NA,NA,NA,NA,NA,0.05,,,,,,,,,,,,,,,,,,,,,,
PI564697,ICI 581,"MI19, MI20 & IN20",NSS-Oh43,WiDiv,4.4,29.575,5.05,32.8,3,69.083,NA,,,,,,,,,,,,,,,,,,,,,,
PI564748,DKMBWZ,"MI19, MI20, IN20, & WI20",IDT,WiDiv,3.5,35.175,1.75,12.025,7,115.493,0.04,,,,,,,,,,,,,,,,,,,,,,
PI564749,DKAQA3,"MI19, MI20, IN20, & WI20",SS-B14,WiDiv,1.55,13.825,0.05,1.5,1,18.921,0,,,,,,,,,,,,,,,,,,,,,,
PI564750,DK91IFC2,"MI19, MI20, IN20, & WI20",IDT,WiDiv,1.8,24.85,0.55,7.55,1.033,14,0,,,,,,,,,,,,,,,,,,,,,,
PI564751,DK2FADB,"MI19, MI20, IN20, & WI20",SS-B73,WiDiv,5.25,47.775,5,51.525,4.667,107.338,0.08,,,,,,,,,,,,,,,,,,,,,,
PI564752,DKMM501D,"MI19, MI20, IN20, & WI20",NSS-Oh43,WiDiv,8.25,53.55,1.75,11.925,2,28.28,0.02,,,,,,,,,,,,,,,,,,,,,,
PI564753,DK3IJI1,"MI19, MI20, IN20, & WI20",IDT,WiDiv,6.6,73.15,5,54.5,3,84,0.025,,,,,,,,,,,,,,,,,,,,,,
PI564754,DK3IIH6,"MI19, MI20, IN20, & WI20",IDT,WiDiv,15.95,182.525,16,124.5,4,196.007,0.1,,,,,,,,,,,,,,,,,,,,,,
PI564755,LH183,"MI20, IN20, & WI20",NSS-Mo17,WiDiv,8.2,47.775,NA,NA,3,77.28,0.0225,,,,,,,,,,,,,,,,,,,,,,
PI564852,B101,"MI19, MI20, IN20, & WI20",SS-BSSSC0,WiDiv,2.35,17.325,0.55,3.85,0.367,8.029,0,,,,,,,,,,,,,,,,,,,,,,
PI565087,DK8M129,"MI19, MI20, IN20, & WI20",Mixed,WiDiv,7.5,54.075,2.55,24.5,3.667,39.739,0.01,,,,,,,,,,,,,,,,,,,,,,
PI565088,DK2MCDB,"MI19, MI20, IN20, & WI20",NSS-Oh43,WiDiv,5.25,57.4,1.3,9.475,3.667,59.031,0.1,,,,,,,,,,,,,,,,,,,,,,
PI565099,PHVJ4,"MI19, MI20, IN20, & WI20",IDT,WiDiv,9,99.75,1.75,16.3,2.667,42.497,0.01,,,,,,,,,,,,,,,,,,,,,,
PI565100,PHAW6,"MI19, MI20, IN20, & WI20",IDT,WiDiv,3.8,29.575,3.75,33.5,3.667,74.9,0.02,,,,,,,,,,,,,,,,,,,,,,
PI565101,PHEM9,"MI19, MI20, IN20, & WI20",SS-B37,WiDiv,4.9,35.7,6.25,44.875,8.333,156.338,0.16,,,,,,,,,,,,,,,,,,,,,,
PI565102,PHEW7,"MI19, MI20, IN20, & WI20",SS-B37,WiDiv,1.8,19.425,1,5.425,1.667,28.056,0,,,,,,,,,,,,,,,,,,,,,,
PI565103,PHFA5,"MI19, IN20 & WI20",Mixed,WiDiv,NA,NA,0.1,3,2.667,119.007,0.01,,,,,,,,,,,,,,,,,,,,,,
PI565104,PHHB9,"MI19, MI20, IN20, & WI20",Mixed,WiDiv,4.4,37.625,3.75,15.325,6,65.408,0.07,,,,,,,,,,,,,,,,,,,,,,
PI565105,PHHH9,"MI19, MI20, IN20, & WI20",Mixed,WiDiv,1.5,16.1,3.75,21.725,0.667,14.287,0,,,,,,,,,,,,,,,,,,,,,,
PI565106,PHJR5,"MI19, MI20, IN20, & WI20",SS-B37,WiDiv,1.75,20.125,0.1,3.2,1.167,61.138,0.01,,,,,,,,,,,,,,,,,,,,,,
PI565107,PHKE6,"MI19, MI20, IN20, & WI20",IDT,WiDiv,9.25,115.15,6,34.225,2.333,87.5,0.02,,,,,,,,,,,,,,,,,,,,,,
PI565108,PHMK0,"MI19, MI20, IN20, & WI20",Mixed,WiDiv,0.25,5.775,1,5.8,0.667,14.077,0.01,,,,,,,,,,,,,,,,,,,,,,
PI565109,PHN41,"MI20, IN20, & WI20",SS-B37,WiDiv,0.4,3.5,NA,NA,0.7,7.812,0.0125,,,,,,,,,,,,,,,,,,,,,,
PI565110,PHRE1,"MI19, IN20 & WI20",SS-B37,WiDiv,NA,NA,1,12.55,1.667,35.077,0.01,,,,,,,,,,,,,,,,,,,,,,
PI565111,PHV57,"MI19, MI20, IN20, & WI20",IDT,WiDiv,3.7,31.85,1.75,24.4,4.667,86.576,0.01,,,,,,,,,,,,,,,,,,,,,,
PI565112,PHW53,"MI20, IN20, & WI20",IDT,WiDiv,5.55,57.575,NA,NA,2.667,81.669,0.05,,,,,,,,,,,,,,,,,,,,,,
PI565113,PHW80,"MI19, MI20, IN20, & WI20",NSS-Oh43,WiDiv,2.3,25.2,2.5,10.7,1.667,28.238,0,,,,,,,,,,,,,,,,,,,,,,
PI566938,CQ702RC,"MI20, IN20, & WI20",NSS-Oh43,WiDiv,2.85,38.325,NA,NA,4.333,92.162,0.04,,,,,,,,,,,,,,,,,,,,,,
PI566939,CQ806,"MI19, MI20, IN20, & WI20",NSS-Oh43,WiDiv,3.25,30.275,3,12.425,4.333,56.238,0.01,,,,,,,,,,,,,,,,,,,,,,
PI566940,NQ402,"MI20, IN20, & WI20",IDT,WiDiv,3.7,27.3,NA,NA,3.333,58.331,0.02,,,,,,,,,,,,,,,,,,,,,,
PI568158,N199,"MI19, MI20 & IN20",Broad origin-public ,WiDiv,2.7,25.2,5,20.35,1.333,25.711,NA,,,,,,,,,,,,,,,,,,,,,,
PI568159,N200,"MI20, IN20, & WI20",Broad origin-public ,WiDiv,0.65,13.475,NA,NA,1.667,34.062,0.033333333,,,,,,,,,,,,,,,,,,,,,,
PI568160,N201,"MI20, IN20, & WI20",SS-B73,WiDiv,3.6,30.625,NA,NA,1,19.152,0.01,,,,,,,,,,,,,,,,,,,,,,
PI573098,Oh603,MI20 & IN20,Mixed,WiDiv,0.25,5.775,NA,NA,2.167,24.976,NA,,,,,,,,,,,,,,,,,,,,,,
PI574390,LH218,"MI19, MI20, IN20, & WI20",NSS-Mo17,WiDiv,6.25,51.275,5,30.725,2.667,94.5,0.04,,,,,,,,,,,,,,,,,,,,,,
PI574391,LH225,"MI20, IN20, & WI20",SS-B14,WiDiv,1.85,18.025,NA,NA,2.667,71.162,0,,,,,,,,,,,,,,,,,,,,,,
PI574394,ZS635,"MI20, IN20, & WI20",Mixed,WiDiv,5.25,50.575,NA,NA,1.333333333,NA,0.01,,,,,,,,,,,,,,,,,,,,,,
PI576170,LH169Ht,"MI19, MI20, IN20, & WI20",NSS-Oh43,WiDiv,0.6,8.75,0.1,2.45,0.233,3.101,0,,,,,,,,,,,,,,,,,,,,,,
PI576171,LH185,"MI19, MI20, IN20, & WI20",NSS-Mo17,WiDiv,6.7,42,3.75,15.875,2.333,37.352,0,,,,,,,,,,,,,,,,,,,,,,
PI576172,LH186,"MI20, IN20, & WI20",NSS-Mo17,WiDiv,5.5,42.35,NA,NA,4.667,73.738,0.05,,,,,,,,,,,,,,,,,,,,,,
PI577812,NK907,IN20 & WI20,Mixed,WiDiv,NA,NA,NA,NA,5,157.493,0.01,,,,,,,,,,,,,,,,,,,,,,
PI578029,PHBB3,"MI20, IN20, & WI20",SS-B37,WiDiv,11.4,96.075,NA,NA,3.667,49,0.01,,,,,,,,,,,,,,,,,,,,,,
PI578030,PHEG9,"MI20, IN20, & WI20",Mixed,WiDiv,9.9,79.1,NA,NA,6.667,105.259,0.03,,,,,,,,,,,,,,,,,,,,,,
PI578031,PHAA0,"MI19, MI20, IN20, & WI20",SS-B37,WiDiv,5.8,40.775,3,38,2.667,84.231,0.01,,,,,,,,,,,,,,,,,,,,,,
PI578032,PHEM7,WI20,,WiDiv,NA,NA,NA,NA,NA,NA,0.03,,,,,,,,,,,,,,,,,,,,,,
PI578033,PHHB4,"MI20, IN20, & WI20",SS-B37,WiDiv,6.3,42.175,NA,NA,8,137.907,0.01,,,,,,,,,,,,,,,,,,,,,,
PI578034,PHTE4,"MI19, MI20, IN20, & WI20",SS-B37,WiDiv,3.75,25.725,0.1,2.65,1.667,54.159,0.01,,,,,,,,,,,,,,,,,,,,,,
PI578035,PHTD5,"MI19, MI20, IN20, & WI20",IDT,WiDiv,10.25,69.125,6,46.6,2.667,107.338,0.04,,,,,,,,,,,,,,,,,,,,,,
PI578037,PHKM5,"MI19, IN20 & WI20",Mixed,WiDiv,NA,NA,0.55,10.775,0.833,32.9,0.01,,,,,,,,,,,,,,,,,,,,,,
PI578215,NKNP899,"MI20, IN20, & WI20",IDT,WiDiv,7.3,53.725,NA,NA,4,105,0.033333333,,,,,,,,,,,,,,,,,,,,,,
PI578216,NKNP901,"MI19, MI20, IN20, & WI20",SS-B73,WiDiv,1.75,21.525,0.1,2.55,1,35.7,0.04,,,,,,,,,,,,,,,,,,,,,,
PI583350,Mo45,"MI20, IN20, & WI20",Mixed,WiDiv,3.45,26.075,NA,NA,0.533,16.093,0.02,,,,,,,,,,,,,,,,,,,,,,
PI583351,Mo46,"MI20, IN20, & WI20",Mixed,WiDiv,0.3,14,NA,NA,2.667,56.077,0.025,,,,,,,,,,,,,,,,,,,,,,
PI583352,Mo47,"MI20, IN20, & WI20",Mixed,WiDiv,4.95,35.875,NA,NA,1.667,112.007,0.04,,,,,,,,,,,,,,,,,,,,,,
PI583356,AM0776,"MI19, MI20, IN20, & WI20",IDT,WiDiv,8.95,65.45,6,49.25,4.333,56,0.05,,,,,,,,,,,,,,,,,,,,,,
PI583755,DK6F545,"MI19, MI20, & WI20",SS-B73,WiDiv,2.85,18.55,NA,NA,0.833,24.983,0,,,,,,,,,,,,,,,,,,,,,,
PI583756,DK84BRQ4,"MI20, IN20, & WI20",SS-B37,WiDiv,1.9,17.675,NA,NA,2,31.759,0.01,,,,,,,,,,,,,,,,,,,,,,
PI583757,DK84QAB1,"MI19, MI20, IN20, & WI20",SS-B37,WiDiv,2.15,26.95,1.75,8.975,1,12.67,0.01667,,,,,,,,,,,,,,,,,,,,,,
PI583760,DKF274,"MI20, IN20, & WI20",SS-B37,WiDiv,2.85,24.15,NA,NA,1.167,50.869,0.03,,,,,,,,,,,,,,,,,,,,,,
PI583762,DKMBZA,"MI19, MI20, IN20, & WI20",IDT,WiDiv,4.95,37.625,11,71.1,5.667,116.676,0.01,,,,,,,,,,,,,,,,,,,,,,
PI583763,DKWDAD1,"MI19, MI20, IN20, & WI20",SS-B73,WiDiv,4,40.425,0.1,3.1,2.667,119.007,0.01,,,,,,,,,,,,,,,,,,,,,,
PI583766,DK8F196,"MI19, MI20, IN20, & WI20",SS-B73,WiDiv,1.2,15.05,0.1,2.275,0.1,19.432,0.02,,,,,,,,,,,,,,,,,,,,,,
PI583767,DK8M116,"MI20, IN20, & WI20",Mixed,WiDiv,1.25,14,NA,NA,1,8.05,0,,,,,,,,,,,,,,,,,,,,,,
PI583773,OQ601,"MI19, MI20, IN20, & WI20",IDT,WiDiv,3,26.95,3,27.325,2,56.28,0.01,,,,,,,,,,,,,,,,,,,,,,
PI583774,ML606,WI20,,WiDiv,NA,NA,NA,NA,NA,NA,0.17,,,,,,,,,,,,,,,,,,,,,,
PI583872,LH175,"MI19, IN20 & WI20",Mixed,WiDiv,NA,NA,1.75,8.875,1,39.669,0.01,,,,,,,,,,,,,,,,,,,,,,
PI583874,LH250,"MI20, IN20, & WI20",NSS-Oh43,WiDiv,4.25,35.875,NA,NA,3,70,0.07,,,,,,,,,,,,,,,,,,,,,,
PI584325,L222,"MI20, IN20, & WI20",Mixed,WiDiv,9.25,88.025,NA,NA,4.333,58.338,0.01,,,,,,,,,,,,,,,,,,,,,,
PI584528,B99,"MI20, IN20, & WI20",Broad origin-public ,WiDiv,2.3,23.975,NA,NA,2.333,45.031,0.05,,,,,,,,,,,,,,,,,,,,,,
PI585224,LH188,"MI20, IN20, & WI20",NSS-Mo17,WiDiv,9,55.825,NA,NA,5.333,73.724,0.025,,,,,,,,,,,,,,,,,,,,,,
PI585225,LH189Ht,"MI19, MI20, IN20, & WI20",NSS-Mo17,WiDiv,2.3,23.45,7.5,31.7,2.667,28.238,0,,,,,,,,,,,,,,,,,,,,,,
PI585226,LH231,"MI19, MI20, IN20, & WI20",SS-B73,WiDiv,1.75,13.825,0.1,2.625,0.867,15.477,0.0125,,,,,,,,,,,,,,,,,,,,,,
PI585227,LH252,MI20 & IN20,NSS-Mo17,WiDiv,2.3,26.6,NA,NA,2.667,37.401,NA,,,,,,,,,,,,,,,,,,,,,,
PI585228,LH260,"MI19, MI20 & IN20",NSS-Mo17,WiDiv,3.4,29.05,1.75,7.7,1,21.049,NA,,,,,,,,,,,,,,,,,,,,,,
PI587124,CM105,"MI19, MI20, IN20, & WI20",SS-B14,WiDiv,2,21.7,0.1,2.275,2.333,31.031,0,,,,,,,,,,,,,,,,,,,,,,
PI587127,H105W,"MI20, IN20, & WI20",SS-B14,WiDiv,6.95,58.45,NA,NA,5,102.662,0.01,,,,,,,,,,,,,,,,,,,,,,
PI587128,H84,"MI20, IN20, & WI20",SS-B37,WiDiv,6.4,75.95,NA,NA,9,130.662,0.0375,,,,,,,,,,,,,,,,,,,,,,
PI587129,H99,"MI20, IN20, & WI20",Mixed,WiDiv,6.2,37.45,NA,NA,2.333,35.063,0.02,,,,,,,,,,,,,,,,,,,,,,
PI587130,4722,WI20,,WiDiv,NA,NA,NA,NA,NA,NA,0,,,,,,,,,,,,,,,,,,,,,,
PI587131,HP301,WI20,,WiDiv,NA,NA,NA,NA,NA,NA,0,,,,,,,,,,,,,,,,,,,,,,
PI587132,Sg 1533,WI20,,WiDiv,NA,NA,NA,NA,NA,NA,0.17,,,,,,,,,,,,,,,,,,,,,,
PI587133,P39,WI20,,WiDiv,NA,NA,NA,NA,NA,NA,0,,,,,,,,,,,,,,,,,,,,,,
PI587134,IA2132,WI20,,WiDiv,NA,NA,NA,NA,NA,NA,0.06,,,,,,,,,,,,,,,,,,,,,,
PI587136,Ky228,MI20 & IN20,Broad origin-public ,WiDiv,1.7,16.8,NA,NA,1,16.87,NA,,,,,,,,,,,,,,,,,,,,,,
PI587138,A554,IN20 & WI20,Broad origin-public ,WiDiv,NA,NA,NA,NA,0.4,30.807,0.01,,,,,,,,,,,,,,,,,,,,,,
PI587139,A619,"MI20, IN20, & WI20",NSS-Oh43,WiDiv,3.2,30.625,NA,NA,2.667,52.031,0.03,,,,,,,,,,,,,,,,,,,,,,
PI587140,A632,"MI19, MI20, IN20, & WI20",SS-B14,WiDiv,2.7,23.1,0.1,2.65,1.667,21.287,0.04,,,,,,,,,,,,,,,,,,,,,,
PI587141,A654,IN20 & WI20,Broad origin-public ,WiDiv,NA,NA,NA,NA,2,83.993,0,,,,,,,,,,,,,,,,,,,,,,
PI587142,A679,"MI19, MI20, IN20, & WI20",SS-B73,WiDiv,3,25.725,0.1,3.2,1.333,35.238,0.1,,,,,,,,,,,,,,,,,,,,,,
PI587143,A682,"MI19, MI20, IN20, & WI20",NSS-Mo17,WiDiv,10.1,83.65,1.3,24.925,0.533,36.442,0.03,,,,,,,,,,,,,,,,,,,,,,
PI587144,Mo24W,"MI20, IN20, & WI20",Broad origin-public ,WiDiv,2.95,28,NA,NA,2.667,58.331,0.04,,,,,,,,,,,,,,,,,,,,,,
PI587146,Oh7,"MI19, MI20 & IN20",Mixed,WiDiv,2.05,20.475,5,32.625,1.367,39.662,NA,,,,,,,,,,,,,,,,,,,,,,
PI587147,Pa91,"MI20, IN20, & WI20",NSS-Oh43,WiDiv,1.75,20.825,NA,NA,1.333,25.69,0,,,,,,,,,,,,,,,,,,,,,,
PI587149,Va26,"MI20, IN20, & WI20",NSS-Oh43,WiDiv,3.95,45.15,NA,NA,4.333,75.831,0,,,,,,,,,,,,,,,,,,,,,,
PI587150,Va35,WI20,,WiDiv,NA,NA,NA,NA,NA,NA,0.02,,,,,,,,,,,,,,,,,,,,,,
PI587151,Va102,WI20,,WiDiv,NA,NA,NA,NA,NA,NA,0,,,,,,,,,,,,,,,,,,,,,,
PI587152,W64A,"MI19, MI20, IN20, & WI20",Mixed,WiDiv,6.4,51.275,0.1,2.675,1.667,131.831,0.05,,,,,,,,,,,,,,,,,,,,,,
PI587154,W153R,"MI20, IN20, & WI20",Broad origin-public ,WiDiv,0.8,25.2,NA,NA,2,43.421,0.05,,,,,,,,,,,,,,,,,,,,,,
PI587155,W182BN,"MI19, MI20, IN20, & WI20",Broad origin-public ,WiDiv,5.7,42.35,0.55,12.1,2.333,91,0.08,,,,,,,,,,,,,,,,,,,,,,
PI591017,KO679Y,"MI19, MI20 & IN20",Mixed,WiDiv,4.25,30.975,1.75,8.875,4.333,66.493,NA,,,,,,,,,,,,,,,,,,,,,,
PI591619,ZS1791,"MI19, MI20, IN20, & WI20",SS-B73,WiDiv,0.8,12.25,0.1,3,1,21.7,0.0125,,,,,,,,,,,,,,,,,,,,,,
PI592734,R229,"MI20, IN20, & WI20",SS-B73,WiDiv,1.55,13.125,NA,NA,0.1,5.859,0,,,,,,,,,,,,,,,,,,,,,,
PI593008,Hi26,"MI19, MI20, IN20, & WI20",Mixed,WiDiv,1.3,11.2,0.1,2.275,0.833,38.563,0.05,,,,,,,,,,,,,,,,,,,,,,
PI593010,Hi28,"MI20, IN20, & WI20",Tropical,WiDiv,0.05,0.175,NA,NA,0.1,2.17,0,,,,,,,,,,,,,,,,,,,,,,
PI594047,B104,"MI19, MI20, IN20, & WI20",SS-BSSSC0,WiDiv,6.8,53.55,0.55,3.95,2,37.331,0.08,,,,,,,,,,,,,,,,,,,,,,
PI594048,B105,"MI20, IN20, & WI20",SS-BSSSC0,WiDiv,0.85,9.625,NA,NA,0.5,17.57,0,,,,,,,,,,,,,,,,,,,,,,
PI594049,B106,"MI19, MI20, IN20, & WI20",Mixed,WiDiv,3,33.6,0.1,2.65,4,46.907,0.02,,,,,,,,,,,,,,,,,,,,,,
PI594050,N501,"MI19, MI20, IN20, & WI20",SS-BSSSC0,WiDiv,8.85,97.475,0.55,4.225,4.333,73.962,0.04,,,,,,,,,,,,,,,,,,,,,,
PI594071,N523,"MI20, IN20, & WI20",SS-BSSSC0,WiDiv,1.8,25.375,NA,NA,2.333,50.162,0.058333333,,,,,,,,,,,,,,,,,,,,,,
PI594080,N534,"MI19, MI20, IN20, & WI20",Mixed,WiDiv,5.8,51.45,17.5,103.5,5.667,119,0.33,,,,,,,,,,,,,,,,,,,,,,
PI594084,N538,"MI19, MI20, IN20, & WI20",SS-BSSSC0,WiDiv,1.7,17.15,6.25,32.05,4.667,86.331,0.0375,,,,,,,,,,,,,,,,,,,,,,
PI594086,N540,"MI20, IN20, & WI20",SS-BSSSC0,WiDiv,1.8,18.375,NA,NA,1,25.732,0.02,,,,,,,,,,,,,,,,,,,,,,
PI594088,N542,"MI20, IN20, & WI20",SS-BSSSC0,WiDiv,4.3,32.2,NA,NA,0.233,16.121,0.0325,,,,,,,,,,,,,,,,,,,,,,
PI594091,N545,"MI19, MI20, IN20, & WI20",SS-BSSSC0,WiDiv,1.35,16.275,2.5,10.775,2,33.152,0.03,,,,,,,,,,,,,,,,,,,,,,
PI595366,N209,"MI19, MI20, IN20, & WI20",SS-BSSSC0,WiDiv,6,35.525,1.75,21.7,3.667,60.9,0.09,,,,,,,,,,,,,,,,,,,,,,
PI595367,N215,"MI19, MI20 & IN20",Mixed,WiDiv,4.25,39.55,0.1,2.55,0.4,8.008,NA,,,,,,,,,,,,,,,,,,,,,,
PI595616,ZS01250,IN20 & WI20,Mixed,WiDiv,NA,NA,NA,NA,1.167,49.007,0.03,,,,,,,,,,,,,,,,,,,,,,
PI596354,N211,WI20,,WiDiv,NA,NA,NA,NA,NA,NA,0,,,,,,,,,,,,,,,,,,,,,,
PI596356,N217,"MI20, IN20, & WI20",SS-B14,WiDiv,4.2,33.95,NA,NA,3.667,70.238,0,,,,,,,,,,,,,,,,,,,,,,
PI596357,N218,"MI20, IN20, & WI20",SS-B14,WiDiv,6.6,37.8,NA,NA,0.833,29.449,0,,,,,,,,,,,,,,,,,,,,,,
PI596506,OC19,IN20 & WI20,Mixed,WiDiv,NA,NA,NA,NA,0.4,2.919,0,,,,,,,,,,,,,,,,,,,,,,
PI597925,B107,"MI19, MI20, IN20, & WI20",IDT,WiDiv,8.4,76.3,2.5,29.675,5.667,136.507,0,,,,,,,,,,,,,,,,,,,,,,
PI597926,B108,MI20 & IN20,Mixed,WiDiv,1.1,15.75,NA,NA,1.167,21.462,NA,,,,,,,,,,,,,,,,,,,,,,
PI597927,B109,"MI19, MI20, IN20, & WI20",SS-B73,WiDiv,2.8,24.15,0.55,4.775,1,50.631,0.01,,,,,,,,,,,,,,,,,,,,,,
PI600729,LP1 NR Ht,"MI20, IN20, & WI20",SS-B14,WiDiv,6.2,50.575,NA,NA,1.333,28.693,0.02,,,,,,,,,,,,,,,,,,,,,,
PI600751,Seagull Seventeen,"MI19, MI20, IN20, & WI20",NSS-Mo17,WiDiv,3.9,43.4,3,39.275,3.333,72.562,0.02,,,,,,,,,,,,,,,,,,,,,,
PI600772,FR19,"MI19, MI20, IN20, & WI20",Mixed,WiDiv,4.25,43.575,0.55,17.6,0.833,60.9,0.01,,,,,,,,,,,,,,,,,,,,,,
PI600791,LH38,"MI20, IN20, & WI20",NSS-Oh43,WiDiv,4.05,32.025,NA,NA,1.667,50.218,0,,,,,,,,,,,,,,,,,,,,,,
PI600944,LH39,"MI19, MI20, IN20, & WI20",NSS-Oh43,WiDiv,16.1,105,2.5,10.95,2.667,63.007,0.05,,,,,,,,,,,,,,,,,,,,,,
PI600954,LH119,"MI20, IN20, & WI20",SS-B73,WiDiv,1.35,16.625,NA,NA,1,21.7,0.01,,,,,,,,,,,,,,,,,,,,,,
PI600955,LH51,"MI19, MI20, IN20, & WI20",NSS-Mo17,WiDiv,4.5,46.725,7.5,28.55,3.667,69.3,0.033333333,,,,,,,,,,,,,,,,,,,,,,
PI600956,DKMDF-13D,"MI20, IN20, & WI20",NSS-Oh43,WiDiv,0.9,13.125,NA,NA,1,30.338,0.01,,,,,,,,,,,,,,,,,,,,,,
PI600957,LH74,IN20 & WI20,SS-B73,WiDiv,NA,NA,NA,NA,1,16.408,0.02,,,,,,,,,,,,,,,,,,,,,,
PI600959,LH145,"MI19, IN20, & WI20",SS-B14,WiDiv,NA,NA,0.1,5.8,1,30.408,0.02,,,,,,,,,,,,,,,,,,,,,,
PI600981,PHG39,"MI19, MI20 & IN20",SS-B37,WiDiv,9.2,63.875,4.75,25.225,3.667,49.707,NA,,,,,,,,,,,,,,,,,,,,,,
PI601004,LH132,"MI20, IN20, & WI20",SS-B73,WiDiv,2.55,19.075,NA,NA,0.833,19.901,0,,,,,,,,,,,,,,,,,,,,,,
PI601005,PH207,"MI19, MI20, IN20, & WI20",IDT,WiDiv,8.65,68.95,7.5,49,3.333,79.331,0.05,,,,,,,,,,,,,,,,,,,,,,
PI601006,PHG50,"MI20, IN20, & WI20",IDT,WiDiv,7.8,65.45,NA,NA,3,144.662,0.05,,,,,,,,,,,,,,,,,,,,,,
PI601007,PHB09,IN20 & WI20,SS-B37,WiDiv,NA,NA,NA,NA,1,31.969,0,,,,,,,,,,,,,,,,,,,,,,
PI601008,PHG35,MI20 & IN20,Mixed,WiDiv,4.65,58.975,NA,NA,3,49.7,NA,,,,,,,,,,,,,,,,,,,,,,
PI601009,PHB47,"MI19, MI20, IN20, & WI20",SS-B37,WiDiv,2.85,32.55,0.1,2.55,4.333,91,0.1,,,,,,,,,,,,,,,,,,,,,,
PI601026,F42,"MI19, MI20, IN20, & WI20",SS-B73,WiDiv,2,14.35,0.1,2.375,0.833,9.373,0,,,,,,,,,,,,,,,,,,,,,,
PI601037,PHG80,"MI20, IN20, & WI20",SS-B37,WiDiv,6.4,47.95,NA,NA,1,21.28,0.03,,,,,,,,,,,,,,,,,,,,,,
PI601079,LH123HT,"MI20, IN20, & WI20",NSS-Oh43,WiDiv,8.25,55.475,NA,NA,1.033,51.8,0.08,,,,,,,,,,,,,,,,,,,,,,
PI601080,CR1HT,IN20 & WI20,NSS-Mo17,WiDiv,NA,NA,NA,NA,1.333,53.669,0.06,,,,,,,,,,,,,,,,,,,,,,
PI601150,PHG71,"MI20, IN20, & WI20",SS-B14,WiDiv,2.05,25.025,NA,NA,1.333,24.031,0,,,,,,,,,,,,,,,,,,,,,,
PI601159,AS6103,"MI19, MI20, IN20, & WI20",SS-B14,WiDiv,1.3,12.425,1.3,7.4,1,49.7,0.02,,,,,,,,,,,,,,,,,,,,,,
PI601170,LH82,"MI20, IN20, & WI20",Mixed,WiDiv,1.45,14.175,NA,NA,2,48.293,0.05,,,,,,,,,,,,,,,,,,,,,,
PI601171,LH93,"MI19, MI20, IN20, & WI20",Mixed,WiDiv,2.4,22.925,0.1,2.725,1,18.732,0.066666667,,,,,,,,,,,,,,,,,,,,,,
PI601172,DKHBA1,"MI19, MI20 & IN20",Mixed,WiDiv,4.9,40.425,0.55,3.85,2.333,41.3,NA,,,,,,,,,,,,,,,,,,,,,,
PI601191,DJ7,"MI19, MI20, IN20, & WI20",SS-B73,WiDiv,1.95,15.575,0.1,3,0.7,23.842,0.01,,,,,,,,,,,,,,,,,,,,,,
PI601208,DKIB014,"MI19, MI20, IN20, & WI20",IDT,WiDiv,20.8,122.675,7.5,91.25,6.333,107.331,0.08,,,,,,,,,,,,,,,,,,,,,,
PI601209,DKMB,"MI20, IN20, & WI20",NSS-Mo17,WiDiv,4.5,51.8,NA,NA,1.667,52.507,0,,,,,,,,,,,,,,,,,,,,,,
PI601211,DK78010,"MI19, MI20, IN20, & WI20",SS-B73,WiDiv,4.05,30.45,0.1,2.55,1.333,29.624,0.025,,,,,,,,,,,,,,,,,,,,,,
PI601229,PHG83,"MI20, IN20, & WI20",IDT,WiDiv,3,24.85,NA,NA,1.667,25.739,0,,,,,,,,,,,,,,,,,,,,,,
PI601230,LH150,"MI19, MI20, IN20, & WI20",Mixed,WiDiv,2.55,30.275,6.25,37,2.333,41.09,0,,,,,,,,,,,,,,,,,,,,,,
PI601269,AS5707,"MI20, IN20, & WI20",Mixed,WiDiv,5.2,32.55,NA,NA,5,84,0,,,,,,,,,,,,,,,,,,,,,,
PI601270,PHG29,"MI20, IN20, & WI20",IDT,WiDiv,3.15,24.675,NA,NA,1,21.28,0,,,,,,,,,,,,,,,,,,,,,,
PI601300,DK4676A,"MI19, MI20, IN20, & WI20",Mixed,WiDiv,6.5,54.075,1.75,8.425,3.667,68.838,0,,,,,,,,,,,,,,,,,,,,,,
PI601301,DK78002A,"MI20, IN20, & WI20",SS-B73,WiDiv,0.6,20.3,NA,NA,1.667,30.821,0,,,,,,,,,,,,,,,,,,,,,,
PI601316,LH54,"MI20, IN20, & WI20",NSS-Mo17,WiDiv,2.95,25.725,NA,NA,4.667,62.3,0,,,,,,,,,,,,,,,,,,,,,,
PI601317,LH57,"MI19, MI20, IN20, & WI20",NSS-Mo17,WiDiv,10.1,60.9,1.3,6.575,1,19.152,0,,,,,,,,,,,,,,,,,,,,,,
PI601318,PHG47,"MI20, IN20, & WI20",NSS-Oh43,WiDiv,4.25,42.175,NA,NA,3.667,68.159,0,,,,,,,,,,,,,,,,,,,,,,
PI601319,PHG72,WI20,,WiDiv,NA,NA,NA,NA,NA,NA,0.03,,,,,,,,,,,,,,,,,,,,,,
PI601320,PHG84,MI20 & IN20,Mixed,WiDiv,4.4,33.6,NA,NA,2.333,54.88,NA,,,,,,,,,,,,,,,,,,,,,,
PI601321,PHJ40,"MI19, IN20, & WI20",SS-B37,WiDiv,NA,NA,0.55,17.6,1.333,32.739,0,,,,,,,,,,,,,,,,,,,,,,
PI601322,PHZ51,"MI20, IN20, & WI20",Mixed,WiDiv,5,46.2,NA,NA,2,59.5,0.08,,,,,,,,,,,,,,,,,,,,,,
PI601360,LH52,"MI19, MI20, IN20, & WI20",NSS-Mo17,WiDiv,15.95,78.925,6,34.225,4.333,50.624,0.025,,,,,,,,,,,,,,,,,,,,,,
PI601361,PHR36,"MI20, IN20, & WI20",Mixed,WiDiv,5,40.95,NA,NA,3.667,88.9,0.05,,,,,,,,,,,,,,,,,,,,,,
PI601362,PHW17,"MI20, IN20, & WI20",SS-B73,WiDiv,4.15,31.675,NA,NA,0.667,10.297,0,,,,,,,,,,,,,,,,,,,,,,
PI601374,764,"MI20, IN20, & WI20",SS-B73,WiDiv,3.2,22.925,NA,NA,3.333,52.962,0.0167,,,,,,,,,,,,,,,,,,,,,,
PI601376,779,MI19 & WI20,Broad origin-public ,WiDiv,NA,NA,2.55,14.375,NA,NA,0,,,,,,,,,,,,,,,,,,,,,,
PI601377,NK794,"MI19, MI20, IN20, & WI20",SS-B73,WiDiv,2.5,24.15,0.1,1.4,0.1,26.362,0,,,,,,,,,,,,,,,,,,,,,,
PI601378,LP5,"MI19, MI20, IN20, & WI20",SS-B73,WiDiv,2.55,20.825,0.1,3,1.667,49.497,0.016666667,,,,,,,,,,,,,,,,,,,,,,
PI601402,LH146Ht,"MI19, MI20, IN20, & WI20",SS-B14,WiDiv,3.85,22.575,0.1,8,1.667,60.669,0.02,,,,,,,,,,,,,,,,,,,,,,
PI601403,LH156,MI20 & IN20,NSS-Oh43,WiDiv,1.75,24.5,NA,NA,1.667,28.497,NA,,,,,,,,,,,,,,,,,,,,,,
PI601404,LH60,"MI19, MI20, IN20, & WI20",NSS-Mo17,WiDiv,3,22.05,1.3,7.3,4.667,62.3,0.06,,,,,,,,,,,,,,,,,,,,,,
PI601405,LH85,MI19 & WI20,Broad origin-public ,WiDiv,NA,NA,2.55,14.375,NA,NA,0,,,,,,,,,,,,,,,,,,,,,,
PI601416,LH61,"MI19, IN20, & WI20",NSS-Mo17,WiDiv,NA,NA,6,44.525,2.333,59.031,0.02,,,,,,,,,,,,,,,,,,,,,,
PI601417,NS701,"MI19, MI20, IN20, & WI20",SS-B73,WiDiv,0.95,12.6,0.1,2.55,0.667,24.962,0,,,,,,,,,,,,,,,,,,,,,,
PI601430,NK807,"MI20, IN20, & WI20",SS-B37,WiDiv,9.25,64.575,NA,NA,2.333,73.031,0.01,,,,,,,,,,,,,,,,,,,,,,
PI601438,DK78371A,"MI19, MI20, IN20, & WI20",NSS-Oh43,WiDiv,2.95,32.55,3.75,28.1,6.667,119.238,0.01,,,,,,,,,,,,,,,,,,,,,,
PI601439,DKFBHJ,"MI20, IN20, & WI20",SS-B14,WiDiv,2.7,25.2,NA,NA,0.367,14.301,0.02,,,,,,,,,,,,,,,,,,,,,,
PI601440,DKMBPM,MI20 & IN20,Mixed,WiDiv,2.55,25.025,NA,NA,0.667,15.638,NA,,,,,,,,,,,,,,,,,,,,,,
PI601441,DKPB80,"MI19, MI20, IN20, & WI20",SS-B73,WiDiv,4.05,32.025,0.55,4.675,1,39.683,0.01,,,,,,,,,,,,,,,,,,,,,,
PI601442,PHG86,"MI20, IN20, & WI20",Mixed,WiDiv,4.05,35.175,NA,NA,2,23.387,0,,,,,,,,,,,,,,,,,,,,,,
PI601457,DKIB02,IN20 & WI20,IDT,WiDiv,NA,NA,NA,NA,4,85.631,0.1,,,,,,,,,,,,,,,,,,,,,,
PI601458,DKIBB15,"MI19, MI20, IN20, & WI20",IDT,WiDiv,12.1,78.925,10.5,114.625,1.667,70.469,0.01,,,,,,,,,,,,,,,,,,,,,,
PI601459,DKIBC2,"MI19, MI20, IN20, & WI20",IDT,WiDiv,3.75,38.5,10,53.275,2.333,101.5,0.05,,,,,,,,,,,,,,,,,,,,,,
PI601466,LH59,"MI19, MI20 & IN20",NSS-Mo17,WiDiv,4.45,25.025,7.5,28.55,3.667,63.287,NA,,,,,,,,,,,,,,,,,,,,,,
PI601467,PHK05,IN20 & WI20,Mixed,WiDiv,NA,NA,NA,NA,4.667,77.007,0,,,,,,,,,,,,,,,,,,,,,,
PI601468,PHK29,"MI19, MI20, IN20, & WI20",SS-B37,WiDiv,0.9,11.9,1,5.425,2.333,64.624,0,,,,,,,,,,,,,,,,,,,,,,
PI601469,PHR25,"MI19, MI20, IN20, & WI20",IDT,WiDiv,5,49,3.55,14.725,1.333,86.331,0.02,,,,,,,,,,,,,,,,,,,,,,
PI601470,PHV78,"MI19, MI20 & IN20",Mixed,WiDiv,10.5,65.1,3.75,15.875,4,110.138,NA,,,,,,,,,,,,,,,,,,,,,,
PI601489,NK740,"MI20, IN20, & WI20",NSS-Mo17,WiDiv,3.6,31.5,NA,NA,1.667,30.401,0.03,,,,,,,,,,,,,,,,,,,,,,
PI601490,787,"MI20, IN20, & WI20",Mixed,WiDiv,3.75,33.075,NA,NA,2.667,39.921,0,,,,,,,,,,,,,,,,,,,,,,
PI601491,790,WI20,,WiDiv,NA,NA,NA,NA,NA,NA,0.02,,,,,,,,,,,,,,,,,,,,,,
PI601492,793,"MI19, MI20, IN20, & WI20",SS-B73,WiDiv,3.5,30.45,0,1.075,4,102.669,0,,,,,,,,,,,,,,,,,,,,,,
PI601493,LH149,"MI19, IN20 & WI20",SS-B73,WiDiv,NA,NA,0.1,2.125,1,49.7,0,,,,,,,,,,,,,,,,,,,,,,
PI601495,PHK42,"MI19, MI20, IN20, & WI20",IDT,WiDiv,8.8,78.05,1.75,24.4,4.333,127.169,0.04,,,,,,,,,,,,,,,,,,,,,,
PI601496,PHK76,"MI19, MI20, IN20, & WI20",NSS-Oh43,WiDiv,2.85,33.775,0.55,17.6,4.333,91,0.01,,,,,,,,,,,,,,,,,,,,,,
PI601497,PHN11,"MI19, MI20, IN20, & WI20",IDT,WiDiv,7.65,53.2,4,40.5,1.333,52.031,0.01,,,,,,,,,,,,,,,,,,,,,,
PI601498,PHT55,"MI20, IN20, & WI20",SS-B37,WiDiv,4,26.25,NA,NA,0.367,8.218,0,,,,,,,,,,,,,,,,,,,,,,
PI601499,PHT77,MI20 & IN20,NSS-Oh43,WiDiv,3.4,30.625,NA,NA,3.333,75.824,NA,,,,,,,,,,,,,,,,,,,,,,
PI601500,PHV63,"MI19, MI20, IN20, & WI20",SS-B37,WiDiv,2.15,19.6,1.75,8.775,1,23.618,0.03,,,,,,,,,,,,,,,,,,,,,,
PI601501,PHW65,WI20,,WiDiv,NA,NA,NA,NA,NA,NA,0.033333333,,,,,,,,,,,,,,,,,,,,,,
PI601502,W8304,"MI19, MI20, IN20, & WI20",SS-B73,WiDiv,1.9,15.75,0.55,4.575,3.333,60.893,0,,,,,,,,,,,,,,,,,,,,,,
PI601558,11430,"MI19, MI20, IN20, & WI20",IDT,WiDiv,2.6,43.4,3.75,21.9,1,72.331,0.05,,,,,,,,,,,,,,,,,,,,,,
PI601559,2369,MI20 & IN20,SS-B73,WiDiv,0.95,11.025,NA,NA,0.667,6.139,NA,,,,,,,,,,,,,,,,,,,,,,
PI601560,DK2MA22,"MI20, IN20, & WI20",Mixed,WiDiv,4,40.075,NA,NA,4,173.831,0.05,,,,,,,,,,,,,,,,,,,,,,
PI601561,DK6M502,"MI20, IN20, & WI20",Mixed,WiDiv,4.15,49.35,NA,NA,4.333,91.231,0.34,,,,,,,,,,,,,,,,,,,,,,
PI601562,DK78551S,MI20 & IN20,NSS-Oh43,WiDiv,2.7,23.45,NA,NA,1.667,40.159,NA,,,,,,,,,,,,,,,,,,,,,,
PI601563,DK87916W,"MI20, IN20, & WI20",SS-B73,WiDiv,0.45,6.125,NA,NA,0.333,2.793,0,,,,,,,,,,,,,,,,,,,,,,
PI601564,DKHB8229,"MI20, IN20, & WI20",SS-B14,WiDiv,0.85,12.775,NA,NA,1.333,21.063,0,,,,,,,,,,,,,,,,,,,,,,
PI601565,DKIBB14,"MI20, IN20, & WI20",IDT,WiDiv,5,57.05,NA,NA,7.333,140,0.09,,,,,,,,,,,,,,,,,,,,,,
PI601566,DKMBST,"MI20, IN20, & WI20",NSS-Oh43,WiDiv,3.55,23.45,NA,NA,3,33.152,0,,,,,,,,,,,,,,,,,,,,,,
PI601567,PHH93,"MI20, IN20, & WI20",IDT,WiDiv,9.55,67.2,NA,NA,6.667,121.338,0.02,,,,,,,,,,,,,,,,,,,,,,
PI601568,PHM49,WI20,,WiDiv,NA,NA,NA,NA,NA,NA,0,,,,,,,,,,,,,,,,,,,,,,
PI601569,PHN47,"MI19, MI20 & IN20",IDT,WiDiv,3.25,35.875,2.5,11.4,2,70.7,NA,,,,,,,,,,,,,,,,,,,,,,
PI601570,PHP02,IN20 & WI20,IDT,WiDiv,NA,NA,NA,NA,4.333,97.993,0.06,,,,,,,,,,,,,,,,,,,,,,
PI601571,PHR32,"MI20, IN20, & WI20",Mixed,WiDiv,3.5,35.35,NA,NA,3,45.038,0.033333333,,,,,,,,,,,,,,,,,,,,,,
PI601573,PHT10,"MI19, MI20, IN20, & WI20",SS-B73,WiDiv,2.25,23.975,0.55,4.4,2,37.828,0,,,,,,,,,,,,,,,,,,,,,,
PI601574,PHT60,"MI19, MI20, IN20, & WI20",NSS-Oh43,WiDiv,6.85,47.775,7.5,53.475,4,105,0.025,,,,,,,,,,,,,,,,,,,,,,
PI601575,PHW52,"MI20, IN20, & WI20",SS-B37,WiDiv,9.55,40.6,NA,NA,5.667,140.007,0.03,,,,,,,,,,,,,,,,,,,,,,
PI601583,NS501,"MI20, IN20, & WI20",IDT,WiDiv,7.6,98.7,NA,NA,4.667,123.669,0.05,,,,,,,,,,,,,,,,,,,,,,
PI601584,OQ603,"MI19, MI20, IN20, & WI20",IDT,WiDiv,6.4,46.9,0.1,2.65,3.333,57.414,0.04,,,,,,,,,,,,,,,,,,,,,,
PI601610,NKH8431,"MI19, MI20, IN20, & WI20",Mixed,WiDiv,6.2,41.475,0.1,3.2,3,72.331,0.03,,,,,,,,,,,,,,,,,,,,,,
PI601611,S8324,"MI19, MI20, IN20, & WI20",SS-B73,WiDiv,2.5,17.85,0.1,2.9,1.333,49,0,,,,,,,,,,,,,,,,,,,,,,
PI601612,S8326,"MI19, MI20, IN20, & WI20",NSS-Mo17,WiDiv,5.1,42.875,2.55,14.375,2,49.252,0.06,,,,,,,,,,,,,,,,,,,,,,
PI601658,1538,"MI19, MI20, IN20, & WI20",IDT,WiDiv,0.6,22.75,1.75,14.725,1,49.7,0,,,,,,,,,,,,,,,,,,,,,,
PI601683,CR14,"MI19, MI20, IN20, & WI20",SS-B73,WiDiv,1.2,16.1,0.05,1.6,0.667,35.238,0,,,,,,,,,,,,,,,,,,,,,,
PI601684,WIL900,"MI19, MI20 & IN20",NSS-Mo17,WiDiv,5.3,37.8,3,12.8,1,32.907,NA,,,,,,,,,,,,,,,,,,,,,,
PI601685,WIL901,"MI19, MI20, IN20, & WI20",NSS-Mo17,WiDiv,1.05,8.925,0.55,3.325,0.833,7.28,0,,,,,,,,,,,,,,,,,,,,,,
PI601686,WIL903,"MI19, MI20, IN20, & WI20",NSS-Mo17,WiDiv,2.35,26.775,2.5,11.6,3,46.907,0.08,,,,,,,,,,,,,,,,,,,,,,
PI601689,WIL500,MI20 & IN20,Tropical,WiDiv,0.5,7,NA,NA,0.1,0.868,NA,,,,,,,,,,,,,,,,,,,,,,
PI601724,E8501,MI20 & IN20,NSS-Mo17,WiDiv,5.8,45.675,NA,NA,1.667,31.031,NA,,,,,,,,,,,,,,,,,,,,,,
PI601725,J8606,"MI19, MI20, IN20, & WI20",Mixed,WiDiv,6.45,47.425,7.5,41.375,2.333,45.031,0,,,,,,,,,,,,,,,,,,,,,,
PI601726,L 127,"MI19, MI20, IN20, & WI20",IDT,WiDiv,15.8,105.175,3.75,28.8,0.233,27.293,0.02,,,,,,,,,,,,,,,,,,,,,,
PI601727,L 135,"MI19, MI20, IN20, & WI20",IDT,WiDiv,7.1,62.475,2.55,52.05,3.7,51.562,0,,,,,,,,,,,,,,,,,,,,,,
PI601728,L 139,"MI19, MI20, IN20, & WI20",NSS-Oh43,WiDiv,19.55,157.15,15,80.825,1.667,165.662,0.02,,,,,,,,,,,,,,,,,,,,,,
PI601729,W8555,"MI19, MI20, IN20, & WI20",SS-B73,WiDiv,0.55,9.45,0.1,3.1,0.1,15.4,0,,,,,,,,,,,,,,,,,,,,,,
PI601745,4N506,"MI20, IN20, & WI20",SS-B73,WiDiv,0.65,7,NA,NA,0.233,2.59,0,,,,,,,,,,,,,,,,,,,,,,
PI601773,PHJ31,"MI20, IN20, & WI20",Mixed,WiDiv,4.45,32.375,NA,NA,4.667,63.238,0.03,,,,,,,,,,,,,,,,,,,,,,
PI601774,PHJ33,"MI19, MI20, IN20, & WI20",Mixed,WiDiv,5.5,38.15,7.5,63.25,3.333,85.162,0.06,,,,,,,,,,,,,,,,,,,,,,
PI601775,PHJ70,"MI20, IN20, & WI20",Mixed,WiDiv,1.2,11.55,NA,NA,1,30.618,0,,,,,,,,,,,,,,,,,,,,,,
PI601776,PHJ75,"MI19, MI20, IN20, & WI20",IDT,WiDiv,7.9,51.275,0.1,3.2,1.667,55.09,0.09,,,,,,,,,,,,,,,,,,,,,,
PI601777,PHK35,"MI20, IN20, & WI20",SS-B37,WiDiv,3.3,25.375,NA,NA,1,25.942,0,,,,,,,,,,,,,,,,,,,,,,
PI601778,PHM10,"MI19, MI20, IN20, & WI20",IDT,WiDiv,6.4,50.575,5,22.85,2.667,84,0.05,,,,,,,,,,,,,,,,,,,,,,
PI601779,PHM57,"MI20, IN20, & WI20",Mixed,WiDiv,0.35,9.625,NA,NA,1.333,34.3,0,,,,,,,,,,,,,,,,,,,,,,
PI601782,PHN73,"MI19, MI20, IN20, & WI20",NSS-Oh43,WiDiv,3.1,23.45,5,19.7,4.333,84.238,0.0575,,,,,,,,,,,,,,,,,,,,,,
PI601783,PHN82,"MI19, MI20, IN20, & WI20",IDT,WiDiv,1.05,14,1.3,6.925,0.233,7.301,0,,,,,,,,,,,,,,,,,,,,,,
PI601784,PHP55,"MI20, IN20, & WI20",IDT,WiDiv,3.4,33.6,NA,NA,1.667,26.369,0.08,,,,,,,,,,,,,,,,,,,,,,
PI601785,PHP60,"MI19, MI20 & IN20",Mixed,WiDiv,1.75,21.7,1.75,8.05,2,28.49,NA,,,,,,,,,,,,,,,,,,,,,,
PI601786,PHR62,MI20 & IN20,Mixed,WiDiv,8.3,56.7,NA,NA,2.667,86.331,NA,,,,,,,,,,,,,,,,,,,,,,
PI601787,PHR63,"MI19, MI20, IN20, & WI20",IDT,WiDiv,4.2,32.375,3,13.25,1.333,35.238,0.08,,,,,,,,,,,,,,,,,,,,,,
PI601788,PHT22,"MI19, MI20, IN20, & WI20",IDT,WiDiv,1.8,17.85,0.1,3.1,6.667,88.676,0,,,,,,,,,,,,,,,,,,,,,,
PI601789,PHV37,"MI19, MI20, IN20, & WI20",SS-B37,WiDiv,3.7,28,0.1,2.65,3,50.169,0,,,,,,,,,,,,,,,,,,,,,,
PI601790,PHW03,"MI19, MI20, IN20, & WI20",Mixed,WiDiv,4,47.95,1,18.625,1.667,72.338,0.02,,,,,,,,,,,,,,,,,,,,,,
PI601791,PHW20,MI20 & IN20,Mixed,WiDiv,1.95,17.15,NA,NA,4,94.493,NA,,,,,,,,,,,,,,,,,,,,,,
PI601792,PHW43,"MI20, IN20, & WI20",NSS-Oh43,WiDiv,6.1,47.425,NA,NA,4.333,123.662,0.05,,,,,,,,,,,,,,,,,,,,,,
PI601808,DK2FACC,"MI19, MI20, IN20, & WI20",SS-B73,WiDiv,9.6,69.475,3,25.175,15.667,233.331,0.075,,,,,,,,,,,,,,,,,,,,,,
PI602590,LH284,"MI20, IN20, & WI20",NSS-Oh43,WiDiv,4.55,28.175,NA,NA,1.333,28.063,0,,,,,,,,,,,,,,,,,,,,,,
PI602956,ND287,IN20 & WI20,Broad origin-public ,WiDiv,NA,NA,NA,NA,0.233,23.793,0.01,,,,,,,,,,,,,,,,,,,,,,
PI603939,B42,"MI20, IN20, & WI20",Broad origin-public ,WiDiv,6.15,46.025,NA,NA,0.833,17.773,0.03,,,,,,,,,,,,,,,,,,,,,,
PI604606,N527,"MI20, IN20, & WI20",SS-BSSSC0,WiDiv,2.35,21,NA,NA,3,49.7,0.16,,,,,,,,,,,,,,,,,,,,,,
PI606329,DE1,MI20 & IN20,IDT,WiDiv,2.2,23.275,NA,NA,1,18.893,NA,,,,,,,,,,,,,,,,,,,,,,
PI606330,DE2,"MI20, IN20, & WI20",IDT,WiDiv,4.35,25.375,NA,NA,1.167,14.007,0.05,,,,,,,,,,,,,,,,,,,,,,
PI606768,SD40,"MI19, MI20, IN20, & WI20",Mixed,WiDiv,7.05,42.35,2.5,24.425,1.667,23.401,0.04,,,,,,,,,,,,,,,,,,,,,,
PI607381,B110,WI20,,WiDiv,NA,NA,NA,NA,NA,NA,0.025,,,,,,,,,,,,,,,,,,,,,,
PI607382,B111,WI20,,WiDiv,NA,NA,NA,NA,NA,NA,0.01,,,,,,,,,,,,,,,,,,,,,,
PI607383,B113,WI20,,WiDiv,NA,NA,NA,NA,NA,NA,0.05,,,,,,,,,,,,,,,,,,,,,,
PI607384,B114,WI20,,WiDiv,NA,NA,NA,NA,NA,NA,0.025,,,,,,,,,,,,,,,,,,,,,,
PI607512,N7A,"MI19, MI20, IN20, & WI20",SS-BSSSC0,WiDiv,2.9,18.375,0.1,2.725,0.1,2.17,0,,,,,,,,,,,,,,,,,,,,,,
PI607521,A661,"MI19, MI20, IN20, & WI20",Broad origin-public ,WiDiv,5,30.8,2.55,14.45,1,49.007,0.03,,,,,,,,,,,,,,,,,,,,,,
PI607522,A662,"MI19, MI20, IN20, & WI20",Broad origin-public ,WiDiv,5,50.05,0.05,1.05,2,23.408,0.01,,,,,,,,,,,,,,,,,,,,,,
PI607523,A663,"MI20, IN20, & WI20",Mixed,WiDiv,4.25,34.825,NA,NA,1.333,24.031,0.04,,,,,,,,,,,,,,,,,,,,,,
PI608765,B77,"MI19, MI20, IN20, & WI20",Mixed,WiDiv,6,57.4,0.1,2.65,2,70.28,0.03,,,,,,,,,,,,,,,,,,,,,,
PI608766,B79,"MI19, MI20, IN20, & WI20",Mixed,WiDiv,4.65,31.325,0.1,2.65,7.333,103.824,0.0525,,,,,,,,,,,,,,,,,,,,,,
PI608767,B84,"MI20, IN20, & WI20",SS-BSSSC0,WiDiv,0.6,9.45,NA,NA,0.533,9.59,0.02,,,,,,,,,,,,,,,,,,,,,,
PI608768,B87,"MI19, MI20, IN20, & WI20",Mixed,WiDiv,3.5,25.2,0.1,3.2,3,71.393,0,,,,,,,,,,,,,,,,,,,,,,
PI608774,B75,"MI19, MI20, IN20, & WI20",Mixed,WiDiv,0.85,12.95,2.55,11.225,1,21.49,0.025,,,,,,,,,,,,,,,,,,,,,,
PI608777,B85,"MI20, IN20, & WI20",Broad origin-public ,WiDiv,7.05,44.625,NA,NA,2.333,45.031,0.02,,,,,,,,,,,,,,,,,,,,,,
PI610494,NY6371,"MI19, MI20, IN20, & WI20",Tropical,WiDiv,5.8,43.925,1.75,8.325,4,98.28,0.045,,,,,,,,,,,,,,,,,,,,,,
PI615190,B115,WI20,,WiDiv,NA,NA,NA,NA,NA,NA,0.1,,,,,,,,,,,,,,,,,,,,,,
PI628348,PH5HK,MI20 & IN20,Mixed,WiDiv,1.8,27.825,NA,NA,2,37.618,NA,,,,,,,,,,,,,,,,,,,,,,
PI634212,B118,WI20,,WiDiv,NA,NA,NA,NA,NA,NA,0.05,,,,,,,,,,,,,,,,,,,,,,
PI634213,B119,WI20,,WiDiv,NA,NA,NA,NA,NA,NA,0,,,,,,,,,,,,,,,,,,,,,,
PI634214,B120,WI20,,WiDiv,NA,NA,NA,NA,NA,NA,0.08,,,,,,,,,,,,,,,,,,,,,,
PI634215,B121,WI20,,WiDiv,NA,NA,NA,NA,NA,NA,0.03,,,,,,,,,,,,,,,,,,,,,,
PI638551,DE3,"MI19, MI20, IN20, & WI20",NSS-Oh43,WiDiv,4.45,32.375,1,9.2,1.333,21.063,0,,,,,,,,,,,,,,,,,,,,,,
PI638552,DE4,"MI19, MI20, IN20, & WI20",Mixed,WiDiv,9.4,67.025,2.55,24.05,1,22.631,0.01,,,,,,,,,,,,,,,,,,,,,,
PI642029,LH299,"MI19, MI20, IN20, & WI20",Mixed,WiDiv,2.8,20.3,0.55,4.775,1,53.669,0,,,,,,,,,,,,,,,,,,,,,,
PI644101,LH1,"MI20, IN20, & WI20",SS-B37,WiDiv,1.7,19.775,NA,NA,1,25.732,0.01,,,,,,,,,,,,,,,,,,,,,,
PI658504,PHWRZ,WI20,,WiDiv,NA,NA,NA,NA,NA,NA,0.04,,,,,,,,,,,,,,,,,,,,,,
PI674722,Ny821,WI20,,WiDiv,NA,NA,NA,NA,NA,NA,0.01,,,,,,,,,,,,,,,,,,,,,,
PI685984,NK792,"MI19, MI20, IN20, & WI20",SS-B73,WiDiv,3.35,20.825,0.55,13.5,2.333,65.562,0,,,,,,,,,,,,,,,,,,,,,,
PI685986,LH143 (Maintainer),"MI19, MI20, IN20, & WI20",SS-B14,WiDiv,3.5,25.2,0.1,3.1,0.233,15.701,0,,,,,,,,,,,,,,,,,,,,,,
PI686057,I29,WI20,,WiDiv,NA,NA,NA,NA,NA,NA,0.03,,,,,,,,,,,,,,,,,,,,,,
PI686059,IDS28,WI20,,WiDiv,NA,NA,NA,NA,NA,NA,0,,,,,,,,,,,,,,,,,,,,,,
PI686062,IDS69,WI20,,WiDiv,NA,NA,NA,NA,NA,NA,0.03,,,,,,,,,,,,,,,,,,,,,,
PI686063,IDS91,WI20,,WiDiv,NA,NA,NA,NA,NA,NA,0.01,,,,,,,,,,,,,,,,,,,,,,
PI686066,SG 18,WI20,,WiDiv,NA,NA,NA,NA,NA,NA,0.03,,,,,,,,,,,,,,,,,,,,,,
PI686067,SG 30A,WI20,,WiDiv,NA,NA,NA,NA,NA,NA,0.05,,,,,,,,,,,,,,,,,,,,,,
PI690390,NC290A,WI20,,WiDiv,NA,NA,NA,NA,NA,NA,0,,,,,,,,,,,,,,,,,,,,,,
PI690403,NC314,WI20,,WiDiv,NA,NA,NA,NA,NA,NA,0,,,,,,,,,,,,,,,,,,,,,,
PI690425,NC362,WI20,,WiDiv,NA,NA,NA,NA,NA,NA,0,,,,,,,,,,,,,,,,,,,,,,
PI690426,NC364,WI20,,WiDiv,NA,NA,NA,NA,NA,NA,0,,,,,,,,,,,,,,,,,,,,,,
PI693338,CI31A,WI20,,WiDiv,NA,NA,NA,NA,NA,NA,0,,,,,,,,,,,,,,,,,,,,,,
PI694027,W 7151,WI20,,WiDiv,NA,NA,NA,NA,NA,NA,0,,,,,,,,,,,,,,,,,,,,,,
PI694089,CI 82B,WI20,,WiDiv,NA,NA,NA,NA,NA,NA,0,,,,,,,,,,,,,,,,,,,,,,
